,b0_true,b0_estimate,lambda_true,lambda_estimate,ndt_true,ndt_estimate,mu1_true,mu1_estimate,mu2_true,mu2_estimate,mu3_true,mu3_estimate,mu4_true,mu4_estimate
0,3.232861582121417,4.449581592993543,0.9504449537056544,1.9715855928080328,0.91888251765511,0.8383159076612248,-0.8051035845891348,-0.7135034974167893,-0.6680817225732583,-0.6491829649776364,2.70709496469327,2.789767292791417,1.5410850543194123,1.534307502113853
1,3.7640323585819138,4.308886469610069,0.542255507544364,1.0134559328528894,0.5943455705572562,0.5877418592825545,-0.4518275009422809,-0.440938947679262,-1.9721158214542835,-2.0980843936837803,2.147781883932232,2.118970743136371,-0.955657379340852,-0.9738780486341184
2,3.93736110930234,3.1719506989238027,0.8605769988042719,0.5353685518120547,0.5056610027641681,0.7298853640430389,-0.875154292899222,-0.953041429002881,-0.0567369910721005,-0.075843720498834,0.5197828757944991,0.5446922677651616,-1.4299062335059478,-1.5521391779574365
3,2.6592309339634035,3.4682981772778145,0.926434673494598,1.875090522849076,0.7024558560081194,0.6738875247148862,1.224868693520636,1.2634824467849035,2.78862573668773,2.914432363101453,0.025514972820356,0.0191258387099473,0.2279447520577564,0.2501519954716846
4,2.358205188507718,2.8119510145607425,0.9481349165286048,2.0,0.5791175778401809,0.6176156668086986,0.7843854196166915,0.9644628557586844,2.444044797737168,2.715485940167456,0.8000681405047299,0.9322363528482096,2.7379656000770387,3.0
5,2.6045502930023403,3.822932823374795,0.3682404425536249,1.7769009628811954,0.6322237216886395,0.5535065363668766,-1.7428094110417864,-1.7040514076063749,-1.5704493414111285,-1.562587866561432,2.992741984487035,2.838130014824161,-0.7070638512522789,-0.7686658971635786
6,4.471859434469804,5.0,1.005410731128113,1.800776329970527,0.3493705934710878,0.4794839104482481,-2.380590449703925,-2.8941604132346828,-2.3678019046804044,-2.874842037820008,-2.51545127098599,-3.0,-0.2972566538004135,-0.3229838246453759
7,2.341104088468198,2.5300529667345377,0.7954124983430453,1.0191068274483297,0.7392892664584804,0.7402892597653198,0.2850447002194545,0.3520308060466783,-0.7116267633453301,-0.8068395985882587,2.37351135060308,2.453450990888321,0.6856434428383211,0.6647164267232646
8,2.1267519661806,2.000000038919397,1.1729827360391882,1.346311342786819,0.6554251869446263,0.7438922051837603,1.6026246245606712,1.972573876379899,1.379469109130794,1.8351444364426683,-0.327805455749486,-0.2886260679364966,2.4617394601206666,3.0
9,3.2471916828444187,4.809616981929246,0.1111384533046375,1.8566133912409328,0.8922048480409078,0.8571337301791542,-2.542503635103226,-2.590195942652821,-2.163363757353024,-2.3193612277151288,2.3251981588057262,2.4179551807314645,0.6834071860196633,0.7640567592796919
10,4.127324157539804,4.017709774286979,1.8000325714192904,1.833795178040352,0.7340160276531025,0.8173593825679457,1.1133445220694471,1.2401159124571834,1.5152440162805274,1.664550413294759,1.5852838745911038,1.7760357830584177,-0.4824343170054448,-0.5048232172691547
11,4.204922676382817,4.966380277180537,1.1189514720685412,2.0,0.6289017524477482,0.6605773641462032,-0.4071494669823394,-0.4340190454821401,-2.107292828006247,-2.229114643762799,-1.1045876169656903,-1.1404114901607891,-2.8575477983923205,-3.0
12,3.808246206620059,5.0,0.1129179030132439,1.6433613885322305,0.2051186367209061,0.2337282964734446,2.9697669674456417,3.0,-2.3380275036473988,-2.6109576521971647,2.448000700032381,2.644219108122428,2.391176687752429,2.5585033474586494
13,4.981445318388391,5.0,1.5243741916171798,1.8098288976249548,0.9054671456142764,1.0,2.322546576237757,2.618287545618808,2.7965376584096617,3.0,-0.1849236429271776,-0.2333437526900878,-0.5853655536757658,-0.5990895189544718
14,4.815081446461986,4.667975868613178,0.216041863184326,0.2993480691053494,0.3662459393461464,0.4417783062533299,-1.166835107430822,-1.1576825448454853,-0.8537955568820996,-0.9102734143037504,1.3972832143483866,1.4162769131875466,-2.860943123502397,-2.8714656257007123
15,2.121371287268964,2.1952586886619625,0.6456021547190068,0.6626753953967853,0.6754772698078486,0.6792129495133488,-0.0821805594782179,-0.1543831928027325,-1.6015345342198406,-1.5696275616949789,0.2250639596537111,0.2786114044777111,1.0579862230974213,1.0293833807517174
16,2.44893570973279,3.111888104162732,0.8404729511013221,2.0,0.7339164188209779,0.7861842514667275,2.3377369388344507,3.0,-2.363457856924804,-3.0,2.1978845208855207,2.831595871756305,2.156397639378405,2.9671466666345867
17,2.3788106148998818,2.6197521964538177,1.3963016581568617,2.0,0.918249074699143,0.964592412306184,-2.198284030404002,-2.4673813940180795,1.273409698277245,1.4794607959700834,1.6695848627165506,1.87227064768986,-1.524375722922872,-1.829501501054351
18,3.769938700295159,4.113642007990872,0.8582802834106005,1.1294666239815712,0.536853444312115,0.5185877196253593,0.4297753112796845,0.4294251316953968,-0.7219994839182591,-0.7489736835051755,-2.22938569257144,-2.286979092978658,-0.8130465471654917,-0.7866095570015609
19,4.857969654905808,4.521908055680882,1.290728088462056,1.2190139110417988,0.6447578562339977,0.7764747053389541,-1.68033381808134,-1.7674515896108212,-1.973060237715714,-2.2371586415389904,-0.5195329502963975,-0.5505291885103447,1.7480095311752937,1.947546565359512
20,4.011943029902805,5.0,0.830967498761191,1.4199179607816337,0.5113479626023422,0.4066502048859759,-0.7024659546333067,-0.7098966354857101,0.3644891531775063,0.3518702215865636,2.647815073210084,2.5290418662456102,-0.7179280099158896,-0.672724386623152
21,3.689171473380764,4.349437933408263,0.9118141516358864,1.633938389699784,0.149701436702257,0.1837563432477382,-1.4648817444882465,-1.6184910872081766,-0.961668065882072,-1.1006098121450067,2.523381577219064,2.781755584004027,0.871338598491086,0.9507987950923198
22,4.9832074201927234,4.912272772030164,1.3201330756935603,1.999998685534048,0.7249992455696761,0.9097642366770288,-2.63409989542456,-3.0,1.4842908671763435,1.7940812706793707,0.2657438946425901,0.2640214422581198,-2.2030948264312444,-2.5419645995377054
23,4.261674830695389,5.0,1.0809413065967255,1.9021685568861133,0.9805662523042784,1.0,0.5694266191851907,0.6166989604670691,0.5776771118574571,0.5558868298459287,1.403520927535807,1.4755802536807665,2.934142163043398,3.0
24,3.7615337270101774,5.0,0.4365752067290191,1.3806553341263446,0.987843534252653,0.8990423041706606,-0.7326118664467538,-0.773039463876633,2.5283216676412748,2.522842008427517,-0.8208001181321529,-0.8457341394251182,2.369985145800707,2.374363245456225
25,3.374300535774664,2.589031831175564,1.686022307683149,1.199505255826379,0.7332420709494494,0.8927890382490123,-0.1599551348021755,-0.1329807203516461,-1.9197952377361485,-2.088921619343333,0.0212231193309879,0.0795347946088954,0.9302626513080916,0.9954682056180412
26,4.218162527008823,5.0,1.1495928050854431,1.848573355557861,0.3705677528589663,0.3669918962562982,1.8135188228527968,1.971769516042524,0.5436472717774765,0.5238234636440905,-2.7049009200001235,-2.782146947514577,-0.190937710334542,-0.1901663485474859
27,4.590455456347186,5.0,0.9130366446004406,1.4557364707745464,0.6489812288688078,0.6960932343809262,-2.957439352459504,-3.0,0.8084287671901083,0.864075050583994,2.751072190139228,2.846762009065637,0.2072799531766185,0.2028382074005135
28,3.9916277185010944,5.0,0.9075907233031044,1.928984100356424,0.8511502145312116,0.8368236026527851,-2.964876948761509,-3.0,-2.102792709572756,-2.1713096987905844,1.6118749419120078,1.735944835088688,1.5515156105152714,1.6041141262944012
29,2.7942845033988304,3.200241050387354,1.2583637082409824,2.0,0.2477569769431864,0.2963982908705154,-2.7382077449931623,-3.0,-0.1824572525732661,-0.2607321123790706,1.367525968174035,1.5325819174183115,-2.209527727138908,-2.5480430215994025
30,3.1756675462464066,2.985961472486271,1.055838036520742,0.9498006753531596,0.6308454729850662,0.7049841579145619,-1.3985355256489411,-1.6409054290761973,-1.23742826959049,-1.386341821910594,-0.8958688804735688,-1.0138868969156627,1.050369845992833,1.0180904166560112
31,3.948731369147247,4.011795259978575,1.2784492551131803,1.2637635565773473,0.8956250808278078,0.9111891630694886,-1.7186617218271405,-1.782942304050009,0.8821225669737545,0.8749669894313886,0.5075852404794383,0.5043471458587454,-1.0350186778413508,-1.1256225069272945
32,3.592343001288436,5.0,0.3565212440149673,1.555807461125415,0.299416752749752,0.2229477567113008,-2.2716597074159246,-2.27789484135121,-2.7844378019479654,-2.783422338839808,-1.3318999001498435,-1.3692282320683145,1.0443543728630056,1.0956374714316692
33,2.586679309490381,2.864453343812751,1.0053967417330183,1.49557766173759,0.8013373754118343,0.8299138326131114,-1.251827427617362,-1.2907576634239468,1.104053955727423,1.249278117346067,2.57855522225635,2.655242166782581,-0.8900418574101445,-0.8939985497289822
34,2.2466141440584355,3.1432708144904424,0.5932030338187151,2.0,0.3317013222433083,0.3268215391798079,-1.9996899682040163,-2.1001293369154848,2.535798117037692,2.8415459176234057,-1.2804338588777855,-1.5509023668856838,1.766802935949766,1.9999003723619024
35,2.2007672639211764,2.6667807166894355,0.5092403179967698,0.978082640113441,0.6530156426945409,0.6006253806311086,0.812029391402501,0.7787878297709672,1.2065863050617616,1.1557553107045868,1.526890120728724,1.4382080087449778,1.6405989170971618,1.5326885893860416
36,2.880222824057157,3.933272379302024,0.5750036166040305,2.0,0.4346006073054181,0.4538748105444127,2.4908880614712205,2.831265003578713,-1.6395581236209755,-1.7887850198366275,-1.957575935956888,-2.2528516689732543,1.539997250447061,1.7467430595917337
37,3.0695269868211867,3.2236212499745385,1.6586740169978906,2.0,0.8217784841829228,0.8878150407466294,1.4973038897995214,1.790039372203553,2.376901180121184,3.0,-1.8372082649577703,-2.1115870032562856,0.715550842335744,0.8498502805774258
38,2.506151110044189,3.3307335746961764,0.7239839094097431,1.486456562501372,0.9777137496443502,0.8860548976618777,-1.3751923465538236,-1.3777042527769146,-1.402185198261869,-1.3129989190502895,-1.6354329650736763,-1.6194355096796234,1.1010847586713015,1.0315561627774967
39,4.807361223399596,4.69905527147368,1.929477646641232,2.0,0.4589704350084065,0.5563996136177782,1.167152568034109,1.3772504189647057,-1.149635538875183,-1.3546522153655154,-0.0039344989773717,0.0836560135514592,-2.712112707241827,-3.0
40,2.983240662222644,2.783074860530781,1.80183743331748,2.0,0.8334687769391713,0.9272152629936689,1.5533160921079776,1.8265853444790323,2.272628923979128,2.509515069020913,0.702451828597465,0.7286627365657241,-0.549050074289102,-0.697290161605245
41,4.668902948934797,5.0,1.7579143444328784,2.0,0.9967369156549146,1.0,-2.2747016692252657,-2.499753104713413,1.2726716158901,1.2963202908363476,1.371749582378505,1.570284973850581,2.627567527388876,2.8696701369156834
42,3.1882408398419706,3.331577626537012,0.9073090491303264,1.0363830807654697,0.9298167863275176,0.9444807526678644,0.5329714556319467,0.5709665880720156,0.8285478756165792,0.8423225337092498,2.143849418034402,2.2449748531084173,0.4062599803135545,0.4482997732553468
43,4.804766422723463,4.835205908685609,1.303401523227406,1.7699274532964364,0.7316078156301055,0.8817910914136499,0.9211997234106976,1.193701846901957,-2.1555099495566163,-2.6211411741328625,2.407293649214451,2.826059781240862,-1.2975064456805256,-1.5170368847687332
44,4.683479067953307,4.458467902882452,1.6499536821208989,1.6516711098874333,0.8400521821677367,0.9175835797741704,-1.1646427324438438,-1.188184108690911,1.7419720200566071,1.7949326083733743,0.7884952657031918,0.715314651200295,-0.7370294201828966,-0.7048853466780054
45,4.198664743269706,5.0,1.3563409901019647,2.0,0.1105898009547835,0.1283105254704825,-1.480631613719555,-1.6438404709465348,1.0006912648712014,1.133224316116747,-2.3152299679922197,-2.5682892215644566,-2.127051320917657,-2.3577172238857016
46,4.46188665401693,4.766455158804657,0.8006941736556961,0.9596696842914776,0.4218261591218076,0.3908262202951504,-1.120499926870532,-1.1292273644838804,-0.3334261215421492,-0.2704753411079434,-0.9727335691254329,-1.0044326525275755,-0.5261303994254296,-0.4852489173252656
47,3.542901309220372,4.2032372259311765,1.3044477570374216,2.0,0.4007091633973976,0.3909870966250616,2.9411204958289106,2.9949290953509,-0.792193911485233,-0.8415060136138546,-0.5489327729902138,-0.5899023726247531,0.764483241455824,0.8451462451525931
48,3.634361335654563,4.999906358839679,0.1083352614222723,1.1781252490462042,0.9475590983406588,0.8479282670965398,-1.716527766940946,-1.6764136206268954,-2.8777768325148605,-2.8014957435130383,0.5044342062282869,0.4335624955003962,1.0647292123617542,1.046033450738599
49,2.6344681109934784,2.8139150381121008,1.5996100673796716,2.0,0.9587887228272104,1.0,0.675954570780763,0.7835284968487297,-2.270088945045102,-2.535032474982152,1.3544511617659925,1.6374441150607408,-2.179771693290764,-2.3503805134047613
50,3.696289028268507,3.7669399221321247,1.6302386840341114,2.0,0.2468816343868184,0.3438275745294642,2.602004810564771,3.0,2.584562855755306,3.0,-0.3295837185350727,-0.4652878780020153,-2.170358208780286,-2.674129371161531
51,3.419863302823828,3.7117825931433854,1.235057909059552,2.0,0.2414087194944312,0.3248379552565285,-2.688660910161235,-3.0,-0.4671989317179996,-0.4491223870248449,2.347806844408922,2.686216075827752,0.9054470064647407,1.0008207717409616
52,3.869730298892623,4.216101831260377,0.9880513475681092,1.2177620536680818,0.2637158637130852,0.2182294113069301,1.6427763895158831,1.5757056606058302,-1.6474176879736957,-1.5825250589783142,-0.948428005553611,-0.908116312953977,-0.2713754062384834,-0.2830176744057329
53,2.891154455221032,2.580652103194061,1.7997268945873768,2.0,0.5154004964257897,0.635259476771614,-1.3620837424148418,-1.719384369752187,2.601755488738596,3.0,1.1971007570446444,1.6216871818019063,1.876321152603441,2.2537488735880205
54,2.4205894148461,2.8381625724138586,1.4795129931381408,2.0,0.4013016299984206,0.4097396002173276,-1.0265796744299611,-1.1166982762909914,-2.2838308066591946,-2.659595207319297,2.3636902121088066,2.667657791066039,0.2155047383446262,0.1034720394334004
55,4.554527413123683,4.240906568534228,0.8358300283007185,0.8953828102524125,0.5524345267509148,0.6890912140539247,1.1790222654525977,1.2776059743801746,-1.8732629363829747,-2.0120409054830493,-1.0356912451918574,-1.1623209468903877,1.971069541208743,2.114425970736052
56,3.4392778965783157,3.97494608401436,1.0021697628033188,2.0,0.8251155681783905,0.8670552158585099,-2.5128502060260667,-2.8237966323944343,2.900937213068056,3.0,0.5089317648679152,0.6349265286010006,2.8987733066470662,3.0
57,4.414045665720686,4.8427118135118015,0.1410736926844483,0.4435610561605015,0.3684910952607074,0.3808537758746743,-2.5107264671087144,-2.596471646698303,-0.9141622397595268,-0.9516031306323808,-1.156746236959459,-1.1892424826518528,-0.300960202868276,-0.3820819954090675
58,2.843274214641572,4.473586155859034,0.3406571669200491,2.0,0.4098634741271541,0.3102465587163395,-2.964590108148834,-3.0,-2.924402639218051,-2.904342017794708,0.7888711599481271,0.7012222868606229,0.6980271193648908,0.7705506450993691
59,4.860176594056042,5.0,0.7236546832159383,0.8852471387094872,0.196616913193887,0.245936425309588,-1.18691493896011,-1.3187996003506726,2.6516937792377613,2.7630216554670506,-0.1827022895727086,-0.1973690912098211,-1.9939693481982868,-2.0281873794625995
60,3.3147535686651945,4.059345129756759,0.2425750797604812,0.523290741176644,0.9185694681331164,0.720641299846158,1.1994609684099318,1.1127828492839893,-0.5498685352689974,-0.4733155668104796,-0.5973285031870541,-0.5397118189145506,-1.3210250962611665,-1.2157216166840066
61,2.463310489323769,3.114188407482404,0.8020715711002206,1.893227257769976,0.1760126602704616,0.1662733888041198,-1.8709758553214424,-1.9652334768690165,1.4539466398635597,1.4507705804888658,-1.7789034381585511,-1.7549329615187723,-1.702544807935952,-1.5780312547061652
62,3.666398552624868,4.333886552323087,1.053564149155833,1.6052259968689513,0.6219294241015234,0.5969596072450184,0.904861109575502,1.0024103318302726,2.33305138905095,2.3457463285449083,1.408182614951787,1.4910000502106049,-1.4970984474741458,-1.541667569912372
63,3.5095386736307987,4.529763400802649,1.0926748838774956,2.0,0.1708829357021096,0.1250761007739718,-0.3514844151680036,-0.3399361338495844,-0.830027085207149,-0.8126242065284552,0.3764880916810402,0.3086895439431087,2.936877561371835,3.0
64,2.4447534264086626,2.347156549152753,1.8405849637048108,2.0,0.6212048863481285,0.6933078734350466,0.5354904629792312,0.6324618684760048,-0.378459269972289,-0.4982121863305198,1.5254049282513582,1.7776782188466462,-2.492179472352268,-2.962481656056924
65,4.432335218419217,3.896778255307629,1.9745234314845128,1.6950905061971433,0.8360784626242332,0.947709391209415,1.5964177648017976,1.77919670727417,-1.13304054001695,-1.2115026623805305,-0.9356955544469878,-0.9618600085990684,-1.1626669132539802,-1.2209547892723942
66,3.3223093942108326,3.284057350282688,1.2829821531978138,1.8240612818609785,0.3185840012970506,0.4373065625682504,-1.5522337560640225,-1.8912030936380315,0.1619881663944793,0.1353652898762616,-1.6921411356849938,-1.9342943409124709,2.711620528291063,3.0
67,3.762306342759919,4.914476329456883,0.3117658201973963,1.3587543888270432,0.4488058614608165,0.4141020444739048,1.7503467021399035,1.7651341739135211,1.767760432519515,1.737020118022389,-2.8316673968565143,-2.856254069647328,0.6932623425616327,0.6775341181719181
68,2.6469991227495653,2.809853619200644,1.512883952484778,2.0,0.4667395213758598,0.5211661357338544,-1.9224788111950517,-2.3404544389782025,2.010592496286756,2.376823878014707,1.0868170394356234,1.2229782784430054,-2.7995815824416623,-3.0
69,4.686521472239591,5.0,0.9789137964423376,1.142100988986423,0.7578854561604527,0.7591263783485487,-2.3982585744657463,-2.553730293967975,0.1695450637627253,0.1947420695409729,1.1023497814331975,1.0998980662003426,1.8184055048387404,1.9111463249817016
70,2.1186130285743587,2.0,1.3201544845398157,1.262650873127884,0.889539975986983,0.9375396708748808,-1.2377478652449772,-1.3033605433012725,-0.2944174774045571,-0.3249075652575451,0.1190688333600473,0.0161252601430321,-0.4833200706567007,-0.5116957449910027
71,4.1065855068610215,3.957993211645804,0.674245004315571,0.8655685175073085,0.647020749713679,0.7672834213424556,-1.2647422144897464,-1.3249208710151672,1.5496145214903048,1.7259291068939269,0.9987793344020596,1.1002591789289178,2.5896456317416137,2.911152357455093
72,2.553090342867205,3.836970788228832,0.6304023594734631,2.0,0.5366687646604582,0.4531507446262169,2.9053018967873765,2.9935218389850293,-1.4469262868769657,-1.4683073184257716,0.3837166380506003,0.3466800617426848,-2.0741901696299685,-2.089999224136313
73,2.596082460768427,2.858534729327202,1.5317661592410627,2.0,0.378757261581424,0.4130840743528937,-2.8839086091737918,-3.0,-2.0026669131510446,-2.219406068075644,1.6945235763304858,1.98631091757092,-1.6272720535250638,-1.774003589490793
74,2.789686139768867,2.995276553102821,0.617502715243239,0.714616849834009,0.4748803775573837,0.4726508840153168,1.3703668784841416,1.4505502432458457,0.1106532515138996,0.1660525074738874,-2.4230575388597244,-2.4873320387593907,-0.6867550809485625,-0.7488781870788359
75,4.977084164603392,4.635484897006487,0.8580099174545667,0.6899976320682457,0.6273832481050512,0.7466932794267732,0.9866499938901544,1.0521346235154572,-2.4585520573821587,-2.734853643514338,0.6968668775771294,0.7945262943365867,-0.6139929604322649,-0.6362517255943059
76,4.467863198417367,4.940108134849192,0.2537787848198253,0.5767927298685737,0.3958753420491497,0.3900056460549405,1.419695518194311,1.4342603736151085,1.227828265873328,1.283844056134546,1.6265755274812552,1.674588920970448,-1.6335493877072298,-1.6329797534153176
77,3.216157492251112,2.8200450160342667,1.2335879579851023,1.0155977837666623,0.4044031780967652,0.5019104393390454,-0.9302644463547696,-1.026286273417694,-0.7292784656114366,-0.8050860265210045,-0.5422714801931594,-0.6067536877789557,-0.2386910862772204,-0.1455830620577515
78,2.4411018500543253,3.8045517801193354,0.4644065173557543,2.0,0.9995693348557791,0.9220956935420056,0.92972285763451,0.9965193909994456,-2.4239057896449663,-2.564851032068331,1.959750587395992,1.9914491947839064,-2.856849637875441,-3.0
79,3.819424568173116,4.787796986462904,1.190778645145145,2.0,0.960489487050656,0.905214326442996,-1.7473505143622423,-1.6850304383443109,2.9055654157907638,2.909543152947053,-0.8755663433407799,-0.8364404922519895,-1.33657943275785,-1.4409371490895966
80,3.9641476699123976,4.813393583323368,1.27840695067091,1.8837245094371569,0.6816724404300621,0.6222674929272549,-0.5989404435734009,-0.6000812846443486,-1.1425514732350923,-1.063524312144596,0.5590748162058683,0.588541445841281,-2.1940041290842798,-2.223817678872384
81,3.6339626414923054,2.8611180229615933,1.7105227148165143,1.3228888871673874,0.8126694817326732,0.9851889356148238,-1.5476358207434688,-1.80896530599404,0.2780929255931517,0.3224687264377822,-0.6963795182034471,-0.746276371616908,1.0760619384071246,1.2054757366746078
82,2.2398589099096435,2.953558988370147,0.8984270061889222,2.0,0.786661131389498,0.7641795301662331,-1.2876004591337324,-1.367539376530398,-2.647294441253849,-2.615093142301499,-1.35069226617078,-1.5476029605966628,-0.3985492793726326,-0.4730354433041387
83,4.963750945255083,5.0,0.5749807445616718,0.8311453826235011,0.2381017083567811,0.3505841072380458,-2.262493263959615,-2.613434269050109,-0.6805115759533336,-0.7118697605738089,-2.7374436625756378,-3.0,2.736328047439131,3.0
84,2.546863136638016,2.7125662873240923,0.494556215876563,0.6578846403870087,0.5899904824599723,0.5879905093510476,0.1674045398831682,0.088323963274384,0.8296670979331415,0.8801549016789298,1.1339587265752704,1.1863643310579686,2.107321522650473,2.080745927319658
85,2.548002549351063,2.917431623647409,0.2345557380615578,0.7436790109395699,0.3126187669362581,0.3170871660339793,-1.2346630407347623,-1.231960401254581,-1.905906432952919,-1.993673042072448,1.6789506813898765,1.6432308848677148,-1.9183339051972204,-2.083567992746139
86,4.6310990481641605,5.0,1.1707624077818009,1.8607541581083404,0.3038404954887387,0.3636516350783378,2.9684330857824834,3.0,-1.9110345425586277,-1.9764636096049637,0.5130911998637211,0.5035851927583305,-2.890661312771826,-3.0
87,3.687466270157575,3.6826840202567,1.7127622118206078,2.0,0.6066431001154402,0.6921423697715945,2.348758353263828,2.9877227166940736,-2.824186774147732,-3.0,-1.2570824624830934,-1.6305295023231148,-2.709974300490625,-3.0
88,3.90493230666673,3.5979107633711163,1.9591287841275908,2.0,0.3685679699552947,0.4817309468774412,-1.7390205832137855,-2.015706912771691,-0.1999254533771939,-0.1405731461554909,1.193694672251947,1.4235995606741598,-2.828509146244672,-3.0
89,3.9075836234007086,4.467924812430779,1.335538537801355,2.0,0.7550400233892921,0.8038860715266611,1.5045635650252145,1.7087152677600932,1.95555138406308,2.332303990405206,-1.250028594864657,-1.4256521514561813,2.841822228347744,3.0
90,4.164014881079406,4.832333472332508,0.3801213396326955,1.1239552625999227,0.6065762425311289,0.658016402231145,-0.1372329183478851,-0.1716392452479295,-2.3062409418895307,-2.514711609603274,2.162891851296177,2.2247917290312897,-2.18944306302431,-2.295757607991009
91,4.944203113213385,4.803398789326076,1.8527544113315464,2.0,0.7436911514523968,0.83820941564,-2.506008047944801,-2.815783152185149,0.1250428172580253,0.1858218214239763,-2.8878085176635384,-3.0,0.3239469702872319,0.3956414527072825
92,4.804940130406535,4.757301266517265,0.286856588997618,0.3251228664023317,0.1738850876430059,0.2204235364642928,-1.5023058957064428,-1.4845554442962463,0.9093568320579648,0.9830213708886733,-2.164373228460281,-2.215146776777813,0.2553047954571519,0.2649737946278324
93,2.501599719949799,3.0610871899222967,1.0317730403042222,2.0,0.4262443062574201,0.4554979215434352,1.646646173140235,1.872380728736422,-1.2583262369592405,-1.4451787153811817,1.80841207162342,2.216042587408658,2.1225310523150287,2.452017764365267
94,3.988605939045227,4.238499906389935,1.581533116076326,2.0,0.6305668858715997,0.6851565941906453,0.3921463187157976,0.3478407638204577,0.0193516226120875,0.020862473426612,-0.3541003157448372,-0.3347480789139471,-2.7551340792363312,-3.0
95,3.801914158086704,3.7270519671523625,1.2860887630213016,1.4775779930609636,0.9246804251979094,0.9999025524457114,-2.298141529309003,-2.483753389863128,1.3472600286366716,1.340733616076399,-0.778369234857909,-0.807753712647237,1.950542367648855,2.0601743860209183
96,2.645044632368913,2.457658144696813,0.6026180716646892,0.6310916708392986,0.2344162553909067,0.3300828603923491,-0.7732083836551722,-0.726446334055647,-1.413567719713577,-1.715310641466231,-2.570621293073377,-2.9891121023394183,1.603814737383135,1.8395379502485911
97,4.855963980478229,4.8707182616818665,1.767995423968366,2.0,0.5670133016110942,0.6641389995950087,-1.289630616684289,-1.456542380585241,2.8413298427062434,3.0,0.4334973265765842,0.4985385192955791,-1.2846958599616476,-1.365033334170692
98,2.248401085476156,2.6389725386357896,1.2835926626933194,2.0,0.3466193302825475,0.3531360427357689,-1.0629598329272256,-1.0949567546535817,-2.5942191555893834,-2.7888711228773952,1.5028143134134049,1.673127346701169,0.8005773595509409,0.9386297953787168
99,4.30371903699802,5.0,0.350725781256476,1.1106479475409288,0.9021089809487784,0.9504364977797702,2.71300299261049,2.9670613120788936,-2.180164939261028,-2.409732166483386,1.7566365721839323,1.9113601386907724,-1.860851974481678,-2.065277549141977
100,3.117904358162005,3.5186084534458426,1.1969133038205926,2.0,0.3741124133459865,0.4305723845952502,-0.4065860455718442,-0.429572606092639,-2.674223036671785,-3.0,2.1400298023415205,2.4415078457561963,-0.1519713735803745,-0.2104828640226207
101,2.7785752800409007,3.4162073817384417,0.5835546237429254,1.1217358253125889,0.2832969229573778,0.2385809677406632,1.4076089275094006,1.3228914861144834,-2.059183530862076,-2.105868723836275,-1.8580844305709137,-1.975183219387896,-1.0101094729145514,-0.8956463028520368
102,3.03415203371888,5.0,0.1038208412414336,1.6898124951505673,0.346650017539811,0.1412785794413997,2.101560637566894,1.920211356177009,1.596700250348334,1.4597786919763902,1.3438921251425024,1.2886471120853409,-2.3371318271067416,-2.0592972286605016
103,2.350976002843124,2.3019172385199496,1.4499399717485986,1.5297889375182714,0.7680511113482046,0.8038666883135934,-0.046502068383889,0.0269672181236317,0.148883921815166,0.2660346014796104,-0.6292742565309701,-0.6514804168943087,-1.7851067781422014,-1.8353106710945717
104,4.916458261055526,4.745099400385895,1.4674999505105022,2.0,0.2782273353512722,0.4200439907690236,2.0107725338066227,2.2659756067844263,0.2014277393891561,0.2093178713120618,2.966973248924012,3.0,2.741222664328609,3.0
105,3.3120043167142907,3.184203820826797,1.8876722645656252,2.0,0.179023966476155,0.2621540072073307,-1.4923503787508283,-1.7647962577253846,0.5364201616810909,0.5478592035438513,-0.138721794933514,-0.1071830523695845,-2.8471903923557127,-3.0
106,4.322867382889805,3.984728497427626,1.6803546288618134,1.6398665758648967,0.8504641900576964,0.947930100170609,-0.7521511398763088,-0.7819944307778609,0.4395034084394049,0.530919350378483,-0.7938931300271406,-0.8030019071338733,-1.868964761447065,-2.0264766748996657
107,4.981920961471181,5.0,0.6025358598378668,0.774795303105737,0.7748396088855845,0.8985873774728091,-0.4094487761716139,-0.470443596913449,-2.400165071138429,-2.6264707779480463,-2.602421594011373,-2.8476213531647487,1.202952811425676,1.3380838478838823
108,4.970347422650966,5.0,0.355228984234511,0.4040776071268925,0.971690106064148,1.0,2.7132055196069644,2.6989809774953493,0.7088638416357564,0.753914858553471,-0.623970533714926,-0.6309592181189476,-2.717758542547987,-2.847669284159772
109,4.96252833971361,4.882460670987104,1.5790603051672725,2.0,0.4541925032315452,0.5677975349797847,-2.8123767341450594,-3.0,2.90619342776216,3.0,-1.1558097074096774,-1.273139851350092,0.1354754150113601,0.2016863988914451
110,4.952624173884823,5.0,1.1652440385959384,1.2506268060665349,0.9277092722368476,0.998732553294838,-0.6193261106583425,-0.6994725722902426,-1.3429480940447374,-1.381062996769528,2.301884663204607,2.50769419735954,-2.3209841026542044,-2.4712218135413275
111,2.7853490230946,3.113470229736503,1.4774016790362725,2.0,0.9205557359463477,0.9569377501539064,1.3959491601502068,1.4937250432249365,2.63995407058874,3.0,0.7537760399866769,0.90314566673791,2.3619162016907413,2.880957738118872
112,2.528739722962692,3.2205340146848664,1.103693005494194,1.9859469066649875,0.2362496953087361,0.2206480928899067,-1.514374667445868,-1.6347921355691275,-1.354864847566396,-1.4104069630571716,-0.7493335175678912,-0.8885132016858087,-1.7238187517174954,-1.7639813703680196
113,4.390642352203958,4.717970099961415,0.2007646173589423,0.705574425916111,0.3074912601272955,0.373086856731794,-1.5181929071141294,-1.5652730357639784,2.3627714630900525,2.47919774540891,2.700452514180604,2.7432261566381992,0.8855908487552324,0.8865554194084254
114,2.2339053977325305,2.551586633091731,0.7545473929485799,1.430193829478431,0.1920904063695185,0.2183407773253422,0.0339887386099777,0.0251118394493875,-0.3687224980771992,-0.2178047047125015,-2.3965322721919264,-2.579755763085153,1.689697593943202,1.8876197679505105
115,4.713007070836928,5.0,1.185171389820625,2.0,0.5587348341448538,0.6485133054130442,-0.9329900528085392,-0.9583209500658426,-2.885014474103917,-3.0,2.0267358349643225,2.176393772373466,-2.938110910299671,-3.0
116,4.676273241439606,4.628300618078985,0.3310688766432261,0.5817058006230449,0.713104222925503,0.8664252012955795,-2.3044726602291004,-2.578735923669945,-2.383226009631674,-2.7251538164614075,-0.6614459513203705,-0.7869418978749951,-2.37266615658798,-2.6115899401263736
117,4.967976765099477,4.459594415271668,0.9996872663417536,0.8064651666168572,0.6701051859368571,0.823356853676585,-0.6189592336190595,-0.6713736834690307,-2.7054782942488877,-2.969695056652196,0.742188466824405,0.7386914342691103,-0.6183679912819104,-0.7228326088870614
118,3.538027513963655,3.539794788042496,1.8519647283865808,2.0,0.9048797001809532,0.9505702641049824,1.9963614339634144,2.075247435344169,-0.4776027047834346,-0.6094800138164432,0.9754576475991188,1.053979493117531,1.3419732834163547,1.3867521345063214
119,4.772857710302047,4.81021853936841,0.5549697864853387,1.2643432352663655,0.1447693925169503,0.2883062293294541,-2.533137618254492,-2.7172915980317724,-0.7091085568077882,-0.7778361054652994,2.994296759927608,3.0,0.2410326253841723,0.2578525391883652
120,4.401494399919415,4.693229004674993,1.7110892622420684,2.0,0.373302543071899,0.4044147240166598,0.6971452204323385,0.6497260458568695,-2.9929465704362075,-3.0,-0.7884655556498537,-0.946825758241394,-1.5715609663001937,-1.668605232957336
121,3.3214337563987315,3.859192794429733,0.5726998016131228,1.0560441703572203,0.158019618271805,0.1193631629239597,1.4328119825805845,1.4398297812561096,0.3320779539975385,0.4012399128897822,-0.6394587757919616,-0.5882321212678001,-2.8376956802467506,-2.7451382485607887
122,3.225294244536033,2.7604247575116263,0.8796812769364942,0.5122861165391113,0.5816901831493487,0.7014806428971456,1.3215118002639796,1.549522160021085,1.7122399914377333,1.8328500785963744,-1.7952118887055588,-2.1158939191204422,-0.4102670297317412,-0.552238997293446
123,4.919916921122423,4.655831359664347,1.720203648150932,2.0,0.6178251452921368,0.7843034525077786,1.1856988648943891,1.3205813291194557,-1.0220968201476432,-1.180337436248317,-1.4560264659420328,-1.7132667333713585,2.772445167820958,3.0
124,3.352415223136307,4.89510969309013,0.45097413353301,2.0,0.3689723798069116,0.341189782260334,-2.5815842203309884,-3.0,2.698423349334698,3.0,-2.239095309216768,-2.5326748696619426,-2.129282116923082,-2.4715175419439923
125,4.09924593092788,4.508517827074688,0.964961792100192,1.2067324158904076,0.9457097713745412,0.919989025333654,-1.0648170491884257,-1.0187140617839865,1.778971249873044,1.883867911164462,-1.2274138841959537,-1.2555703973095595,-0.6691420189905446,-0.6802716854253821
126,3.36122405542077,3.421412974432059,1.700431633989675,2.0,0.6814056639393217,0.7483356000210615,1.6493786296022082,2.0307198448934187,-1.966912643172355,-2.1104144654679704,2.9700384733316616,3.0,0.4618269117495193,0.4988672223056017
127,3.480478680996839,3.5493339710970826,0.7860751044475994,0.982773201531084,0.5437825547382767,0.6162255871995921,-0.2819262897130288,-0.2251939165099689,-0.467739795403423,-0.5379618521226662,0.7594000564930066,0.8619288406835803,-2.29994795963074,-2.445863109620282
128,4.728502096015642,5.0,1.5734796687986934,1.8262396019794689,0.978221357671226,1.0,-0.8994535290454051,-0.9167790681932072,-0.8721265283009298,-0.916058867291573,2.2536260745711685,2.308639407340037,1.6250561405203607,1.7114344917116726
129,2.139958231402459,2.0000013142518798,1.8573302255185544,1.8491093693250404,0.3834385939482779,0.4326309887883547,-0.548335807687554,-0.6491663937543366,-1.4513230334739482,-1.6065025712950802,0.0198948647326511,0.1651435069807975,0.7776775570074299,0.8068731797304732
130,3.5657747833782705,4.356411608681904,1.5044050939163112,2.0,0.9918156018346356,0.965463622969254,2.357257624164376,2.564676147934215,0.0712163219437753,0.1124239205059947,-1.073813124084299,-1.115275594139655,-2.688625680225848,-3.0
131,2.800656814568338,3.065910029355073,0.3747539826739223,0.7347306756997853,0.4876994055861163,0.4831173682989882,2.2346512830753027,2.1778485076126177,1.0199693233268283,1.0048195208514228,1.0534422406260435,1.0746221427816165,-2.024557184834088,-1.985309866153619
132,3.3083121637841053,3.5919779071604974,0.2023734403217722,0.313282797993333,0.5378443340736399,0.4838137529054426,-0.8462308785657431,-0.7903105806288518,-0.9475569920018329,-0.9373269873880664,1.3269151535955688,1.2260387686726295,1.548098215361212,1.5195475071913025
133,2.4105610920327964,3.026670977695807,1.0031585543147994,2.0,0.6951406739154313,0.6925453077142345,2.9950217469916955,3.0,-1.9219862861634904,-2.199438183456457,0.0654408930673398,-0.0283321843377495,2.993402446769057,3.0
134,2.507395167194073,2.95999182557174,1.311028926391063,2.0,0.7539331528924055,0.7785025112720743,-2.46679182797402,-2.8015761484687025,2.2676520567096965,2.62045840126783,0.7369283903876216,0.9397627053052134,-2.802293937603454,-3.0
135,2.8014652134552502,2.5803614539392874,1.464622583346748,2.0,0.103883973668581,0.2414316550345981,-1.8341615884212397,-2.3201210253957645,-0.5234942645544112,-0.6159964907077116,2.5364649377856185,3.0,1.822010482683517,2.231075433936766
136,2.673028469124504,2.145123443037673,1.7298264278024151,1.3450385312025586,0.3955421530575074,0.5111679045280609,-1.9434359862593489,-2.2312991169969507,-0.2631599092489793,-0.362450903399731,2.0839867270936123,2.5743431948194404,0.6322793415500716,0.750788156433986
137,2.4668819572494973,2.2273253287639645,1.0235977248278518,1.244611089375251,0.3520277780697912,0.4756017164880632,0.0457593882619025,0.1366112390980711,2.416772412061297,2.991554019912084,1.7274133978877682,2.192744479370454,-1.8756017648811043,-2.50635591841899
138,2.288965958141129,2.5505815614778364,1.4108532480432054,2.0,0.840400270033662,0.8812793149767504,-1.244479033541838,-1.4414390752695414,1.7033889921432377,2.0333982482013027,-1.5363284722159225,-1.788650675895208,2.168535723688084,2.4762657771345307
139,4.790813199550942,5.0,1.5366546632770193,1.8944033707219377,0.9415036930408076,0.9997606522264576,-1.9903604531231227,-2.112023566531007,2.335831900668955,2.4899817272374163,-0.0024896983468465,0.0171430925423778,-0.5564205314278985,-0.6106021244576759
140,3.2512052911688647,3.917084554202944,1.3720988280879054,2.0,0.2808571892005987,0.2585443880252401,-0.7187234267745397,-0.7422363315980465,2.7078819274206483,2.88084744565712,1.8062502076234863,1.918191575945648,-0.3118860587602103,-0.3735964637037371
141,4.72872569316257,5.0,1.0463438591811287,1.5210592857788434,0.5238107146221617,0.5802577227313803,0.4592643604596198,0.4558818839020494,-0.1442473852770835,-0.1974609490366608,2.9613634931622963,3.0,-1.808234527511751,-1.8634784656457115
142,4.14837724121354,4.634601215528852,0.8220099607009557,1.1463258175397153,0.3524954386998552,0.3073450024496656,0.4704654961290018,0.5130627051993646,-0.4437806248814182,-0.5299251950461347,0.8722373321469183,0.8726668366264818,2.6866110344369134,2.5701619503034783
143,3.233584820824761,2.901435161662277,1.9776377508971597,1.98074835093288,0.4660359315269592,0.5756276835372355,1.727656585355135,2.052251260344632,-1.4981255832734366,-1.7691662157074075,0.7871403632604266,0.9061963547183908,0.4268594398906864,0.4007171748693958
144,4.298369040183058,5.0,1.3943967981819745,2.0,0.5969167942693436,0.5983473173872278,1.7839665209243325,1.9155668024836583,1.6796405991248962,1.8067365531951765,-0.993818578767876,-1.0525263695764842,2.0119241880863106,2.2024448711345057
145,4.224115849050309,3.7907856395719306,0.8390223101932294,0.6711615107137564,0.7808235806343389,0.902823592839109,0.3763270736345134,0.3551872450882657,-0.8262703859011065,-0.8575656013797729,0.3239461618148695,0.2579686219631469,0.5893319617204347,0.6177624527081744
146,4.364018196383176,5.0,1.3155183719094703,1.8138022387533148,0.4688357187025562,0.4828625449784171,-1.534643773381463,-1.5868895239338927,2.057794725740606,2.2002407834902824,-0.2816967204982428,-0.4047491667830651,-1.3377115059567246,-1.4111408595198391
147,4.101165132460306,4.360059400136226,1.8288129755456024,2.0,0.1421323407952636,0.1367732291674403,0.2752061450882719,0.2638055134033574,0.7914564852619439,0.833566614924278,2.986202153575805,3.0,0.6546963052046368,0.7124566798221433
148,4.784534138998314,5.0,0.1523236183313457,0.357288424933554,0.7160959132554351,0.7807608839778424,-1.3020111322277237,-1.365562305678897,2.8248524493165377,3.0,-1.5728170054124262,-1.6807479656986402,0.4136417150427658,0.3458302816685868
149,4.011816292906422,4.07200116765587,0.8918884391257533,0.9492596074239597,0.651955470234762,0.6538092252552606,1.7610550734322286,1.7967881432182948,0.581118753180685,0.532053880144991,-0.0986848976712955,-0.1770770481823619,-1.4261315366403793,-1.42960552722933
150,4.882300057216831,3.8851121936699293,1.712386194513554,1.3102428315982424,0.2777540350280323,0.5138242921490679,-2.06426431423991,-2.398162692925431,-0.526331922820523,-0.6236625413452368,-0.7869114978247962,-0.920395334758483,0.36845780940085504,0.4177249120188742
151,2.654052709035226,2.9120934678776176,1.4368395590289156,2.0,0.7295247285644773,0.7588221461922289,0.16761371111796786,0.2606196422714518,-2.1362915740877497,-2.3593892008392223,-0.40718048946111796,-0.4439455228795259,-2.9676044159404116,-3.0
152,4.381766070016628,4.752805076803126,1.48662083350851,1.774357384258761,0.9731675245664377,0.9757485446550603,-0.7693577283985493,-0.7699209207486105,1.9685813358256516,2.014620937473256,-0.5819556969631747,-0.7045707999195505,0.8107717664622949,0.8686484757619324
153,2.9581496807071836,3.6099410346390366,1.2415959872098412,2.0,0.9875810793159283,0.9916689799756897,-0.007678483083511267,-0.12343644814699294,2.459333077651328,2.713412557027061,-1.519957898705767,-1.8080170437293537,2.6253002746487173,2.938755138850847
154,2.020285085327253,2.084304801633653,1.3065730006435696,2.0,0.21778059276268016,0.2889069496558899,2.5709393318626557,3.0,1.511960179178787,1.8197948208251133,2.1929435864014044,2.8881073148425855,1.001725792658494,1.2825845952199644
155,4.118885446290881,4.441475413235055,1.701682014872357,2.0,0.6398786539744356,0.676226431152304,-2.6988569918331855,-3.0,0.991611000755372,1.182039402052228,-1.5081562610306407,-1.6888775967619216,0.789810505764484,0.789204629379588
156,4.99787788479109,5.0,1.5861480164066442,1.8507579611152498,0.47614072936877183,0.5470941444928832,-0.21956298836399313,-0.1509601019055768,2.99739044795495,3.0,0.5339716221593771,0.49136768570884437,-0.03777117921227213,-0.009440313039728086
157,4.022962501511355,2.8841494331836164,1.581276827355637,0.8199525942239874,0.6982971003593341,0.9082990568209884,0.41678449869435763,0.44577043454462023,-1.1679130309904266,-1.3698742859968296,-1.7065197647812589,-2.0058093622574873,0.8255953988276259,1.0184948655175639
158,3.0477097498063492,3.7887307126850303,0.8186738574417359,1.8224358891681391,0.19164651070487387,0.21198141766827644,-1.0155818729622312,-1.1158815652112732,2.0156769036892266,2.241444989809688,2.4197897553298,2.6122939236226004,-1.1068801255635001,-1.1256889542113027
159,4.453039039929492,4.8278593203005755,1.6558304347329342,2.0,0.3173621472838499,0.3661714239842335,1.3658590420372327,1.5474626104289768,2.704932850463978,3.0,2.4108730096871236,2.710776356404977,0.4464303152541724,0.4736715487083765
160,3.7458085096848746,3.8355153612033557,1.7942638403155995,2.0,0.16365324747443588,0.2370995747506922,1.720366247252243,2.086893012086793,2.411075094414184,3.0,-2.863304025379459,-3.0,-2.7130788934329555,-3.0
161,4.783043974310991,5.0,0.38697162935510493,0.5757840393084215,0.7274847914344271,0.7398449403298422,-2.2557810308704997,-2.253768784521444,0.2075701201972031,0.24948898304481873,0.05080560959431679,0.08468058008545343,0.8289739567756795,0.845934500414088
162,3.46383241961498,4.301663716374874,0.35862528705011665,1.0916442565169628,0.9284298618435133,0.8961230511928623,-1.904081747168863,-1.9754404001315196,0.15847293047200606,0.11829264320377411,1.9031447983304348,2.0091228558313903,-2.1849935331448878,-2.224970852610295
163,4.376722396533181,4.191495388429035,1.7742160899429715,1.9944693250941,0.8270462208924099,0.946335914504782,0.23982868071023233,0.270448454156729,-1.4227614358233251,-1.6219719399516124,1.8166771627861837,1.9546449773206949,0.0659964721402011,0.10131997715096969
164,3.7993173564139653,5.0,0.5355378734404596,1.4565143058963548,0.9544069537872368,0.890184984940118,-2.0084385413332075,-2.022795598025509,-0.28619697769703456,-0.25898361889537497,-0.17908104293353033,-0.1260321906947068,-2.4992951454205476,-2.5279370559487404
165,2.7744671640331475,2.733626317751704,1.3562122170249633,1.5801039011210842,0.5191223277518139,0.5914966436901958,-2.1305031305794504,-2.3283959466593385,-0.6244990339503922,-0.7716680916303966,1.0777764852397569,1.1900500856378053,1.5374214128494441,1.7698406896392322
166,4.16789988581796,5.0,0.6933287413921523,1.618899669119831,0.45657092504989055,0.5058959254612763,0.18250130791580355,0.18424569172344077,-2.8744491424643,-3.0,1.953243955391458,2.19957591438348,1.5446142619033334,1.6844600119328372
167,4.101707362090703,5.0,0.13711284030661489,0.7449498233656691,0.7981591498366928,0.7439222831044117,1.9561401276358379,1.9668348842041912,2.172054579661215,2.244108682807033,2.603801884774327,2.7172562611970994,-0.48131704553129406,-0.40943557622192817
168,4.128575410911722,5.0,1.2603357146918728,1.8689664452156711,0.20303973022402302,0.15859199734566434,0.7290755924906607,0.6698513071215478,-0.9984003197329421,-0.9804846853287188,1.2043314469935198,1.251793001271051,-2.95524362966621,-3.0
169,2.652404327107406,2.6495975767677424,1.9290066610389816,2.0,0.13640401143342598,0.19892519748352036,1.182712323206435,1.4481414024479349,-2.274031163848405,-2.5945078064442026,-2.5102892330853512,-3.0,0.8988516967917497,1.124203213034204
170,4.37472730922253,4.939735540206844,1.309166793313088,2.0,0.8912590386128575,0.968760874541398,1.2182261626082942,1.3754846137213985,2.2027016061901064,2.5570050333901544,2.021741302101428,2.3084757537988425,-1.6970389571509954,-1.9171854780967514
171,4.231811687963494,5.0,0.9485808762829697,1.662863240773647,0.5543395323861332,0.5671294914817422,-0.6789798714226263,-0.735251538091256,-1.9594184917014814,-2.060561936910932,-2.5374941572731147,-2.6726060855531824,1.2013941658812621,1.2915523880313815
172,2.8285179057067062,2.769552851644329,1.8158982820819927,1.9486141842888598,0.8994299497345384,0.9511545714076262,2.050421399189691,2.1541725891601198,-0.38682881676460457,-0.43882803087789257,-1.3107947178021304,-1.403301723978404,-1.1925372221345532,-1.2698919035546752
173,3.279237214220478,3.340251859058906,0.607514236696811,0.5341201715134616,0.5790005760822643,0.5664558598044943,-1.1438464636579397,-1.1537703791326963,-0.27077502167751044,-0.33026634708400565,0.5756927666356657,0.5909685035554378,1.1377435290773905,1.1102841801222483
174,4.198951611957136,3.9361943069915384,1.7141656542245958,1.5827139377165038,0.9316140111587585,0.994401158566252,0.7468783485955897,0.7188173163009655,-1.0494719381433966,-1.1111900594042625,0.03732511842548347,-0.08239687038354804,-1.6378027065183562,-1.7388076779333461
175,2.896286768105587,3.164471920722399,0.936228031645194,1.1719161214374816,0.2970670526472138,0.2986427558152853,2.1151401817772006,2.2075521952382227,1.4452787847948887,1.5472903632206987,-0.7046585203036333,-0.7885493538972397,-0.38562455657015615,-0.3805215201997271
176,2.804744778084981,3.88052079935678,0.9175729289469609,2.0,0.2556439335164051,0.23845102523068615,-2.7538176830745202,-3.0,2.7361008048794915,3.0,2.3315319918779904,2.7021631744277377,2.43371578107578,2.8996589184105925
177,3.9252150777425445,3.7512031988811776,1.8632431168994494,2.0,0.26834586600229443,0.395793180975801,-1.2731275143557934,-1.5815831979810953,-1.4368560256440537,-1.7744651299036762,-2.528663435074643,-3.0,-2.3311100328167242,-2.8782307981503727
178,4.512814801366672,4.931563225547086,1.3471426951229575,2.0,0.10420954819866507,0.1544535658592952,-2.9576369161853924,-3.0,1.2725485523165816,1.4249576652982068,0.795536852672005,0.8934793022665489,1.9294283235310272,2.1028065905302817
179,4.086868056397458,4.472483807188714,0.9570924851834115,1.2321114589314681,0.730889363181655,0.7074507522868443,0.6163033913453579,0.6488692628850808,0.02742185607869252,0.06328987925169519,-2.334779450353948,-2.3470716715529276,-1.7824073744933482,-1.8565190822650162
180,4.383245897275186,4.231469490250686,0.4555283506384454,0.5416294204364167,0.5768590258235244,0.6596078449112055,-0.47692421690554365,-0.5419444737223938,2.1763029714830484,2.257191327544362,2.0498808683365786,2.0983451151479926,0.443292433949936,0.41620222325313533
181,3.0639951795098552,3.597138013135623,1.1759225441944758,2.0,0.8298702798938294,0.8621388239996564,-2.4837766364276153,-2.7356644492741307,-1.3408630875467036,-1.5376899205801744,1.6227391789484147,1.8830698359167983,-1.108917980449561,-1.2855318276060421
182,3.8106734857528783,4.113992288184856,1.0729272010890587,2.0,0.22974271328858145,0.36868170903955355,2.1233670627443444,2.5997555677539936,-2.70933442483926,-3.0,1.9325682006097933,2.578592760269538,-2.2747696652883223,-2.8516082534750087
183,3.185078757693745,3.856799657086316,1.1644022074816118,2.0,0.3958089107452816,0.4052390817844901,-1.7368260348763167,-1.9871573703138052,2.8475888288350157,3.0,2.8181658248071444,3.0,-0.2995079704108563,-0.3647203613347805
184,2.590540606838239,3.181892505376183,1.1351756204852779,2.0,0.9954477580669143,1.0,-0.2157679655700382,-0.18269837774015465,0.5932486359777418,0.5950435785756073,-1.6029692146955024,-1.7759367441489111,2.8558977575875,2.9365041061664665
185,4.097225007750504,4.539611960260975,1.6066734413199204,2.0,0.889017605486364,0.9289694343556395,2.236701547896261,2.4960821784039227,2.680877347497751,2.9171465082917014,-0.41661494194525117,-0.44958239827843993,-2.385710169547993,-2.703744985638143
186,3.7769175473020677,4.102635388048283,1.9054282761460346,2.0,0.9090552463222246,0.9536520478614308,-2.6135027114218365,-3.0,-1.4364266148798197,-1.7749153941327085,-1.8284515945177353,-2.214735048706174,-2.2627743139036243,-2.7847971703507355
187,2.540001064852358,2.057596571300171,0.9096509160375736,0.4849083133226089,0.23339479838075772,0.36433457562001736,-2.1296272556281504,-2.4865786598510025,-0.01936344488500019,0.013372395015271599,-1.1800967349875615,-1.4303359443722468,1.5300780989395548,1.7385625770366064
188,3.1430994377385284,3.565835338415053,0.4754848418506249,0.8004946100297043,0.3905313707444498,0.3908813733605189,-2.3714159484312107,-2.4458022926878873,-1.4799144532370667,-1.4738548929370563,-0.15448390562442738,-0.1921244702103295,-1.7411645936496418,-1.8248307864577682
189,2.4840725950789078,2.5473590729598055,1.2297486482349713,1.489155675446895,0.6727578895890297,0.7226514322356503,-1.4503008828101804,-1.4825868950542544,-0.5893681965095372,-0.6176930152998171,-0.4848530411013283,-0.5525095278764803,-1.6837369026234301,-1.8343566226968724
190,2.0470958830207358,2.138881321223515,1.8406191641865102,2.0,0.6442658074825206,0.6562662260615736,0.9745832038964479,1.028108633988948,-1.1001521737466564,-1.1489020975262978,-2.0122437888294478,-2.081189691169217,-0.5666254597178642,-0.6874923638512546
191,3.411611351686865,5.0,0.19963028741860567,1.5830293940188123,0.5481382208039347,0.43391054478853297,-2.313685889900743,-2.217503730803154,-1.6305638906026014,-1.693642483157998,-2.6005563136798706,-2.412548519579541,-0.31221994045394963,-0.3015646612469467
192,4.822378904968884,4.90975821355754,1.2773890839957072,2.0,0.10473299598353958,0.2802736822749089,2.287826049350567,2.736397332470416,2.5938937225394865,3.0,2.609537648018981,3.0,-2.33651977141822,-2.917604513436768
193,3.5179450389530205,3.7759035234524534,1.395594186933279,2.0,0.33726013027334323,0.4158479663168376,-0.2971789176104098,-0.37377311639892385,2.8969133610226834,3.0,-2.1561717871697805,-2.4918284292279846,-2.482563610623409,-3.0
194,2.285669020062653,2.8510477999857606,1.041349983345278,2.0,0.7073786085565588,0.6989741861969652,-0.8908713941192257,-0.9371861119092293,-1.3363789435588567,-1.282567075294029,-1.3303062871170557,-1.3865020323351716,-2.1994385712956777,-2.4287789817608125
195,2.933786233006747,2.909893151355814,1.5036521346578076,2.0,0.7600190535579073,0.8538792758493035,-2.831969359858773,-3.0,1.0595168311337773,1.2342230068926066,2.50196146873461,3.0,-1.7373557114268476,-2.121076433849508
196,4.835002912626575,4.7506294395188995,1.6151016918730021,2.0,0.4446396156452524,0.5562324329214875,-2.5206606583749878,-2.815506586559934,-2.860570538617519,-3.0,0.7214511097182394,0.8516947573666199,2.0414461827411516,2.27284570568952
197,3.187785004866624,3.299834366048642,1.5670277976351124,2.0,0.3639944063773896,0.4418658908954616,-0.35065825467590783,-0.38238927960963065,2.4840597841140353,2.9406827400055753,-2.4597905035114778,-2.8618308218229838,0.7047266489484523,0.799747520950969
198,4.180083047778427,4.71686198768142,1.0922355750999024,1.6329429542970118,0.915714027076034,0.9208974130834319,2.6255996866138087,2.640285094355608,-1.6907539223561678,-1.7427729761583042,-0.010508581944443929,-0.01969158242241656,-0.17896895919232803,-0.25396217795285525
199,4.068896997796648,4.173888581016696,0.7697389348825695,0.8634326022491294,0.8838626096251476,0.9325738910461274,-1.3414136829566226,-1.340051282953266,0.6940645107821031,0.7131196770070161,-1.6800183771608785,-1.8230265606318463,-1.074785087656678,-1.0865368301745615
200,4.538390701607452,4.735672940107122,1.317212970423903,1.500324509176129,0.17964432920799614,0.17839201533406257,0.5948263871230877,0.5701448142128551,-1.3127044733032671,-1.3260717092996361,1.6199558662611853,1.567287202727667,0.9707182914759669,0.9223314694242566
201,2.666423133598174,2.405948705917024,1.5211556710565695,1.769727418753217,0.3023375570367124,0.4207935621686645,1.900743256014149,2.3415489352426437,1.4663136682286306,1.7572411932938903,1.6800578967503035,2.040527224564838,-0.9307486376037506,-1.0836457561483845
202,2.497204307627068,2.6943551199468967,1.2663167326655018,2.0,0.6151048809717778,0.6986468560213577,-2.418934881131252,-3.0,1.865761816056101,2.444293272416918,1.7548467623842547,2.2602088546249286,-2.2573047489950353,-2.966424297540543
203,3.8429785047025677,3.5876537295232933,1.9422729752104502,2.0,0.551946932286483,0.6518293217058458,2.8862494372281207,3.0,-0.6595735874065516,-0.6802768017472554,1.933748283250741,2.3236302551760732,2.8076487577017195,3.0
204,4.82717145743937,4.757401762372884,1.8356584119593697,2.0,0.1363468469681682,0.21272351676272233,-0.7505658380011029,-0.8287144525153454,-2.13411287901216,-2.4235331511904565,1.0250914805000435,1.1420618124172162,2.930472318475321,3.0
205,4.764021917748054,5.0,0.5577639593795287,0.9385338743627205,0.4049279444009623,0.47228030925385206,-2.719911667998902,-2.859725097170762,0.08034000686657672,0.0723841231914592,-2.481710547409011,-2.611681973512084,2.5626030579103594,2.6841180523936847
206,2.795637463745709,2.7227017049548836,1.504287371655994,1.4973821447380142,0.5606742790561673,0.5986742701087028,-0.8022597694487206,-0.7588902164172087,-0.9901486614778987,-0.9369380709529102,0.7415741022553342,0.6470664251626894,1.6358002520199233,1.8084903979882743
207,3.715988389636578,4.659494532844104,0.8920546414368152,2.0,0.2447363887505642,0.2654189192392767,-1.1095338445411227,-1.3183408230767244,-2.744685134767132,-3.0,2.103636142023202,2.3283909230149673,-1.795735823849116,-1.9766685575707326
208,4.905136831692863,5.0,0.6952457528595677,1.6970058096492344,0.47960542650331733,0.6640607146981393,2.526514081923973,2.7840664709466534,-2.773904129377038,-3.0,2.7062166110601344,3.0,0.03496461722971711,0.029799546278434987
209,4.892082586657815,3.6158712117854943,1.1343803049458787,0.4771911476197419,0.5484313726506139,0.8261650099729371,-0.10049068514765547,-0.1432644387623681,-2.398602002433254,-2.814808556697636,-0.8647979472553537,-0.9919742081021872,0.30815378598733867,0.3214532012625065
210,4.664956773752513,5.0,1.087253886868619,1.8302917007830495,0.7921299873451579,0.8758795645998624,2.243519641124996,2.4353271202953666,1.1391968424977867,1.2688389559649855,-2.3821465642921567,-2.575425006509281,-2.8326639029520786,-3.0
211,2.0840109889156526,2.234875391936741,0.9704256130353681,1.5698165262591641,0.7742909409749946,0.8135746088371891,-2.765883171407366,-3.0,-0.25188015871721947,-0.3866905454473776,1.044593098857534,1.227020161985805,1.9437836658000651,2.1278475640007324
212,4.940390778119443,5.0,0.9935845506769334,1.0034885939241645,0.113870722328068,0.12443498302882597,2.974756729462433,3.0,1.0538070214981627,1.1214764767813237,1.2774286649513251,1.263495340270638,-1.4326985003702544,-1.45777813759784
213,3.109088276251452,4.762210071111941,0.4426656338216606,2.0,0.3922412272736362,0.3243481109331733,2.808964282089952,3.0,-1.5373807389631864,-1.5901853643727653,1.8196758926652423,1.9196435249788906,-2.5757106457280443,-2.8280161921093567
214,3.5757957523838844,3.8603979629423106,1.6884329400950886,2.0,0.33906487973601823,0.3616166720212002,-1.2641195140939827,-1.4001689705329743,1.760819544334071,1.9534325303079947,-2.9028239873208963,-3.0,0.29913957917238254,0.34111611010786713
215,3.2826466380879626,3.3743996118787876,1.2915483845513986,1.4641077653435621,0.3509052487611368,0.3767477053945491,1.4784826003333882,1.537769136663888,-0.49397903199323734,-0.5524698409928505,-2.4394729817955993,-2.517115745142163,-0.9487633456129532,-0.9961803261911021
216,4.225790912243202,4.005991586967835,1.8145655424840814,2.0,0.831800276023826,0.9291368228638832,-0.1490064834331999,-0.08183832757247676,-0.6742304477734862,-0.8228854836399134,-0.21300350743209262,-0.1920040972063849,2.920521221753011,3.0
217,3.5060518471374698,3.529261163042529,1.5636458309624461,2.0,0.2736773695658864,0.37688280794021667,1.0653318419830036,1.2284886574744913,2.4210507169508695,3.0,-1.8806904904894457,-2.15945257480438,-2.0946825395766613,-2.5534621222401315
218,3.5399985322542125,2.7555076081876293,1.220009381612787,0.7596254139688665,0.266772762242613,0.43737353925236305,0.7840458842364733,0.8758758092566434,0.9694317598939486,1.0965446784975195,-0.5504003134352404,-0.699571992489966,-2.3963811562281254,-2.6337809509069645
219,3.39585260021857,4.202243468345137,1.0518615762015655,2.0,0.8396121056943034,0.8424083102778042,-1.9487132935745537,-2.0838083337999964,-2.3127120083637003,-2.525703335989459,-2.0236892202956343,-2.1747394256556003,0.01663641628381063,-0.08174368383286705
220,3.2959210127290284,3.138777627152436,1.7747564362906603,2.0,0.7481060508707346,0.8535718879970963,-0.5721277576220631,-0.7391230356912724,-2.721690114384103,-3.0,1.9817415363503115,2.4026163724006677,1.0125918812383354,1.1784134620311955
221,2.831394671881036,2.8773912380826157,0.6524300571842477,0.8376906756564901,0.42790586187316215,0.4423802058423074,-1.2927602429162464,-1.2897410661221442,0.24417818518031842,0.23113423355746254,-0.7081877892511739,-0.6826888674546512,2.544207257590312,2.5239010223533818
222,2.6217102173229603,2.558008218518712,0.11125580352923427,0.1,0.7712619214486586,0.8263679353549673,-1.9494622346314614,-2.0674817317053686,0.5271868633662671,0.6291269180332649,-2.200926377433178,-2.3267225791724053,-1.4511293973505206,-1.5591999943163855
223,4.009865265344279,4.336830259153476,1.442191080946345,2.0,0.12287833972182448,0.22492211827738967,1.3155167979712263,1.6469995850379295,1.7513316716111353,2.1901119116696672,-1.9777905563147982,-2.3753067594212123,-2.244050233567579,-2.7104656800353615
224,4.563805265700669,5.0,0.6720686150604979,2.0,0.6975458120567807,0.8219947439779138,-2.8831253642353714,-3.0,-2.647563781572531,-2.9622109646870087,2.867203240979549,3.0,-2.1353164425965057,-2.4443502812159
225,2.302320080844488,2.6904091872094025,0.7455451491606674,1.3826089877107928,0.7721763134827033,0.7721886898222009,-1.5724841021180271,-1.5581397030844504,-1.309689463740271,-1.3916791875762038,-0.47152006127104706,-0.5720395346382061,-2.3731444460634554,-2.4396141520368424
226,4.889314707223172,4.825176974064871,1.530386131325451,1.5437287963799322,0.882300583277284,0.9314434441904308,0.6074889926466496,0.6393392312215322,0.36288058510476184,0.37798194941544644,-1.1342021618369131,-1.1758563029403806,-0.8233801436423085,-0.9104661874499749
227,2.1778446310616006,2.765853955599168,1.5121950326350944,2.0,0.3659685653866629,0.34482207321086894,2.8196952956682657,3.0,-1.9830212124728577,-2.2872794240863903,2.8101171759523096,3.0,0.4996805872692127,0.5687088220570372
228,2.7331091078434415,2.9200843013099553,1.4740179145981764,2.0,0.3031865182498631,0.36051718129333843,-2.22433269239586,-2.691201672719586,1.363469010432736,1.530253181402695,2.8629730315765674,3.0,0.11497920746956924,0.353468554276861
229,4.619521984197189,4.94453557089575,1.7067996042698934,2.0,0.47022369138755915,0.5494677246256046,-0.6294187578411323,-0.7184360088177262,2.609888527465881,3.0,-2.333240359300902,-2.9010433947268397,-2.399867358739245,-2.9325253785365017
230,3.855843876480547,4.662181569203579,1.3253582736468246,2.0,0.7402463894169902,0.7139177005716879,-0.407985719420618,-0.3943903431941129,0.09780201643094011,0.09037871363104148,1.6582470122440909,1.8046349074965657,-2.9407697774711865,-3.0
231,4.988897710030584,5.0,0.5867674181690792,1.0917949776416582,0.78559503061563,0.9359006178340692,0.3379286849475147,0.3341009901077361,2.364043698840846,2.6635961919115974,-2.612590501806152,-2.8643169939037203,-2.783015482865478,-3.0
232,3.732422647985417,4.542922617513657,1.2617894420565032,2.0,0.8554166958513441,0.8477236592032985,-2.743933916002989,-2.8991861241712766,1.8848750422646425,2.039719948376505,0.07262204504785585,0.07522930478934511,-2.7027369365867133,-3.0
233,4.265379431810846,3.7327513879728755,0.49449184312268885,0.1547981640298498,0.319457732352635,0.43340204413734734,-0.9398792801791214,-1.0213221350735149,-2.0064256594548424,-2.134550353725345,1.3582734078857617,1.457402552409092,-0.44305747246745564,-0.4908319492243844
234,2.211437919376964,2.3561800007977944,1.5336465463216258,2.0,0.2739702591217645,0.30476048946222606,-1.7294958842636197,-1.917837043429792,1.5958381568698985,1.714324019112363,-1.6076967221396496,-1.7722356591322115,1.1429058460294519,1.1720811107424491
235,4.087719236296031,4.534706703287049,1.0619992916997787,2.0,0.5301300042105325,0.6377975175369925,-2.6264284585976436,-3.0,2.72761893508019,3.0,-2.052319519161218,-2.57607811641494,-2.374352179809871,-2.8799398627300308
236,2.5940079143926433,3.1966071211321605,0.29521665030277194,0.9707508044683115,0.19896619034931498,0.1675219219575953,2.9017395430974418,3.0,-1.3983068331185842,-1.4120601109148367,-0.23885154092706062,-0.30635438893421624,1.060511048717835,1.127546457126814
237,3.0097059399004595,2.910490425313752,0.5521851651698594,0.52385194354245,0.8026359228338887,0.8669239701589074,0.911261468870701,0.9203004646296477,1.5000254754142794,1.6039959174152416,-0.032182628370859945,-0.11453100676340479,-2.568494950006211,-2.851112025573849
238,2.6443758655390655,2.436153217211324,1.76416523216222,2.0,0.6424685444628614,0.7438213893839662,-1.9837740489580726,-2.503582278006314,-1.1604429447141416,-1.4394172102893903,2.879955926535489,3.0,-1.606088929436675,-1.942284136003222
239,3.790579757158238,3.462142795377784,1.4642048645342125,1.3376341662767546,0.1758161326420839,0.2806671555321537,-0.553815053377686,-0.6427697555396408,-0.42873754303225975,-0.5200173629692744,-1.5658502002022912,-1.73691402624714,0.07773760562396959,0.10266143355655612
240,2.3915752253341065,2.132526964202688,1.8196320905771957,2.0,0.863884364011021,0.973362609989308,2.26167475080495,2.853080200792891,-2.216767867491307,-2.8998309504255237,0.851763666139232,1.20643000233997,0.6280836599028001,0.7947658029065795
241,3.0811272267665304,3.8392510431598543,0.6942959017886072,1.356014415936888,0.7314555939418261,0.6573248002474865,-0.9628864322956725,-0.9855903145527823,0.4134790804851347,0.44834925235859485,-1.2036938082554056,-1.1497205856926158,2.474045435350348,2.2855696463893826
242,4.367923584130233,5.0,0.6148717506870152,2.0,0.7954586194716948,0.9129266248359007,2.7760133228124397,3.0,-2.361275904705734,-2.7011787351157235,-2.800866573690402,-3.0,-1.459539972307589,-1.6878568537113452
243,2.7879928559930387,3.784259823951292,0.7082687024701845,1.7969917986229398,0.7588919488546415,0.6924908473371387,2.5833522046857476,2.5855515173660955,1.8716053537613526,1.7728622094655078,0.12246258760272499,0.09247290173181874,-0.7139779895959186,-0.6818882508777362
244,4.5678888530313495,4.999999900590154,1.061223570244705,1.3798497456411911,0.9717262915215351,0.954368022299766,2.1778391728473716,2.1029581960976316,-0.4562400995711007,-0.4514841961754613,0.8608985793553519,0.8061649121477631,0.8672745642737938,0.8449046570072044
245,4.479786491450305,4.483467992589725,0.7454548696227004,0.6856522644231354,0.9372292173320689,0.9452525581314697,0.45883787397472386,0.5074429180250776,-1.326876018342889,-1.3767897316838897,1.2002905799791757,1.2044403777262986,0.7128769743077419,0.723761371906833
246,3.0748858046206164,3.5459983707543237,0.4570043932249254,0.8991045825178317,0.15363730900149278,0.14237192635260287,-1.988563034601743,-1.989519439772852,-0.5957201988839085,-0.6008997591621436,2.157701011426214,2.150395589514165,0.7548948559837738,0.8231606340535431
247,2.3978955375386795,2.419172199372478,1.431220429457114,1.5907621431424328,0.7745656068888304,0.8132227380887767,-1.3413781350817848,-1.4847796933246595,0.3136504560524882,0.1826333190605764,0.5973951211387498,0.6430124049729088,-1.323669555554694,-1.308329866343104
248,4.925030237466732,4.593522427520277,0.35262008425770025,0.27617364500116115,0.23601714238143973,0.3575679416314175,-2.741500115876468,-2.8806504267500057,-1.6650012004291046,-1.7853779219423789,-0.05227070258889377,-0.05675460898963546,-0.22218924084128355,-0.18338039057964933
249,4.472487348711724,5.0,0.16155345069695187,0.5192259195710365,0.9577461446366086,0.9482167982963985,1.700831434182379,1.7592483708452868,2.6919279678135637,2.7558373842136445,-1.4438639882380304,-1.4525239558507208,-1.6006526795279334,-1.574109193201547
250,3.056232483710071,2.688466734901962,1.948023930155626,2.0,0.4233836853205931,0.5507304480776003,-2.2279827350995722,-2.7110875168747475,-0.472932533680706,-0.6531129694975839,-1.2560779973826035,-1.66742480625392,2.437235352930665,2.9590637363150227
251,2.1656389343190567,2.409812317459629,1.445454839344993,2.0,0.22762698254444888,0.2821201886846299,2.369620951339823,3.0,0.9165926983181998,1.50226521507195,2.357092094420844,3.0,-2.375143005733041,-3.0
252,4.595905369496084,5.0,1.2545467528968812,1.9149620593709407,0.4934790309803637,0.5999398757030632,-2.499106852005837,-2.8770678877851257,2.0207117139987174,2.372527308661132,-0.36397879737474836,-0.44549290041325107,1.9095997453650184,2.1422374030851232
253,4.161564407237357,3.7354562195994894,1.8979427207687296,2.0,0.696257810224219,0.8798322664695702,-1.127196634204181,-1.3974763192286568,2.345771422293871,2.921859437404636,0.5708287083015671,0.7106084551648755,-1.3479804868766962,-1.7076789353716262
254,4.300596049753862,4.280957665760664,0.30757210134110474,0.34335736695181834,0.4300816332748974,0.478503898774131,0.1432848268965572,0.1558979844376372,1.9382566257642952,1.998855327193897,0.4813900296611364,0.49793523804218154,-0.5163410088243341,-0.4943686613482912
255,4.257710271279469,4.967859276887932,0.6046535866174437,1.192794818515247,0.9363228541787157,0.9130723719997397,-2.442609345903347,-2.4493680439986774,1.4791462628263807,1.4746717081580631,-0.8080272312794856,-0.8536288622341843,1.0273362812811329,0.98040964676788
256,2.9937142403393286,3.338053365587509,0.9066366425059255,1.27687543824708,0.932145673349484,0.9170024192744176,0.42093756580565445,0.40143699114599873,-1.876089785388885,-1.8211484355606613,-2.036350334904911,-1.9868982928704741,-0.677295577873082,-0.6173119172152203
257,2.113367229176736,2.16589701200202,0.7567032687235907,1.04127188853594,0.34472948510837254,0.3917295235563705,1.9197709590854979,2.182862719053082,-1.2696844306594925,-1.3261336304113862,-0.9114238199771396,-0.8581020140889022,-1.115453668476807,-1.1934676455100561
258,3.28469929691543,3.72630750597216,0.3408549771139625,0.5205917992185956,0.5035388011840424,0.38019869166473097,-1.0593383461818977,-0.9126149744324216,1.4150306231723373,1.298682681420815,-0.1161234444471062,-0.13383098470365395,1.2429910279674048,1.2176224297090572
259,3.392638312225692,2.464857838373049,1.9370292020664215,1.3131265071483877,0.47764745493481786,0.6676458283286915,-0.12313174220726975,-0.061255255306047064,0.9799383871628498,1.0459686982887484,0.7726966488413849,0.9928002356161074,0.5795431249746115,0.683239468385974
260,2.0079813249266447,2.9561999137263766,0.5298217226985331,2.0,0.2169453214163376,0.18214858547153567,-0.21084586813655037,-0.22476761538516588,-2.7586973724471457,-3.0,1.4350031208033143,1.5401507574975541,-2.918682772139128,-3.0
261,4.678469805961457,4.6764229520213005,1.0960581540080863,1.0335630523131865,0.11475918502661081,0.13788062522573663,1.0379809216008071,1.0716720918811484,-0.15853686003601264,-0.17214897947279406,-0.026967526072412706,-0.012946379596319203,-0.8887003030433251,-0.8947209256038157
262,3.6905301093705836,3.8143926232928487,1.6861248570861427,1.8471639619315645,0.764602749890705,0.7721584804701631,0.4674743840689288,0.3595469089221708,0.38938260914770684,0.4708056886896605,1.1564936773903334,1.197006421191655,1.4326599638769972,1.4203478228983104
263,4.481150040364497,5.0,0.1793754015097628,0.7566708078189059,0.7004637149595038,0.7320995026945755,-0.8594771230076661,-0.9198475333903547,2.1788630939596016,2.2865880483970855,-1.9432092781173669,-2.013869353284504,2.895251149337396,2.891515870718165
264,4.353305432172277,4.549323473652635,1.6445553037764726,2.0,0.38975373554822856,0.44386038766668345,-0.7186407252465172,-0.8097323755987625,2.5494745225186133,2.70677971421531,-1.192173249773155,-1.3392748386815365,-0.6344216050317257,-0.612702270938079
265,4.446275844216446,4.742865301922159,0.42958216507623165,0.7465504911849807,0.10682896198633057,0.10949979253877842,0.08302496197654663,0.08466237403983287,0.8305390624187448,0.798703885246647,2.2659555767225856,2.3072927295941428,-2.067925201964777,-2.0270597036125486
266,3.0923371648247664,3.4160112135509753,0.14412811678991708,0.3520568098669147,0.9380505416690484,0.9061160884763773,-0.6361545770772687,-0.7031361821117119,-0.12725549158187288,-0.14013937363262854,-0.4724956250936361,-0.5351941694323575,2.429753644596894,2.446574617706296
267,2.682138528835204,3.5394307155640905,0.44085620505842504,1.2788333705347636,0.3980492792707934,0.33660660015486976,1.8201760113991696,1.8369032948290829,1.577538666267791,1.5022051584601015,2.041365761561941,2.137488674560531,-0.08013625220439824,-0.04461425415831657
268,4.215884741836753,4.445025435890817,0.7345564430107994,0.8379371299228928,0.9630652841786264,0.961679159357588,-0.4951124188023486,-0.4974598457078305,-1.7349860573195879,-1.7405592607634917,1.204540001355242,1.3009959924243089,0.014645854440726191,-0.006241981965493785
269,2.1980763373134278,3.105104781200377,0.512990068101634,2.0,0.25930787061678245,0.24393170920075616,-2.7767001097855113,-3.0,-2.709185408561006,-3.0,-2.170596589772372,-2.5054857372163144,0.5163075177745486,0.6224764120698495
270,4.166831464600496,3.7185144684609757,1.3969597240287015,1.151714818273124,0.2919498665023164,0.40103974738710235,0.09637125008974556,0.0007015119755647131,1.7001541811756147,1.8487619443124408,-0.2627064452531842,-0.28593328441773447,-2.373531053120792,-2.5281057049584046
271,4.144461574489588,5.0,0.39428342244742154,1.023393428746126,0.551537056281832,0.5160624576253031,1.7404433406349757,1.8486220328851055,-0.6413461333206376,-0.6204446061952332,-2.7379911133457644,-2.7462230198806394,1.746315529668376,1.8030269373293344
272,4.109904096886096,4.3471513689142345,1.2366094320368015,1.5055282658005014,0.24800415906772308,0.2553073521176259,-2.216691997103872,-2.2868807373971642,-0.11815321299087533,-0.1223570593970921,1.5841719494090527,1.5725524591297153,-0.30038541928464846,-0.30651454223477614
273,3.280576207235759,3.4030480778164325,1.491639784377163,2.0,0.7751001942957738,0.8315560485604468,1.1767746073656038,1.347546080972887,-2.3186518703921206,-2.416602423299838,0.30549002687432436,0.34510629761303335,2.972044537624995,3.0
274,4.890248091725814,5.0,0.5471018059518459,0.7527197106261962,0.6532587695963209,0.7310790247864227,2.915296454636202,3.0,-0.14045261281476074,-0.16742938877392943,1.3604207833990731,1.4564439696997995,1.653629851659642,1.7054531435911482
275,2.0317304132552363,2.0,1.6948547772034337,2.0,0.25891969105852064,0.3159940462106743,1.5438807297581936,1.851285325337666,-0.6070117867949145,-0.6304832804815916,0.0864068464668466,-0.10055143881723623,2.955424885854498,3.0
276,2.887797769099256,2.8684336496834177,1.8370567899465864,2.0,0.14327265414742074,0.22243956108119164,-2.209083995327889,-3.0,2.9477717113701445,3.0,2.3269156187159723,3.0,2.3191040539309506,2.984894314709696
277,4.352462570643838,4.94012259128402,1.1276364793900417,1.601992852916466,0.6873522121727378,0.6832376524742119,-1.7224769606461567,-1.785167105186015,-0.5745719148674171,-0.5702448774583817,0.15535238095418902,0.1971814450076263,-2.051749128447982,-2.0353463446590396
278,2.477535478341519,2.613454335102945,1.6350237017244456,2.0,0.6684954080942169,0.7425934651453723,-2.365755064686681,-3.0,2.2929533450748267,3.0,-1.0748885884471016,-1.5919380137614754,-2.0234620566846857,-2.8301092120223004
279,4.799977060798737,5.0,0.919763916775026,1.3499829282173637,0.33300201373580834,0.3994582852798889,0.5394348480219993,0.5398268382725573,-2.936551318846171,-3.0,2.4148391413171604,2.5560688091545822,1.6141460261133673,1.6867885344343496
280,4.8094798359435895,5.0,1.0169645861953096,1.6618510774263813,0.6050745578724118,0.7157164420312412,1.4909499650132325,1.6196175858786945,-0.23949700576595756,-0.24956840797617566,-2.917203564396714,-3.0,2.0099044093087266,2.2023277543141786
281,3.310020079101517,4.745686681647374,0.4936636366521314,1.855061974548437,0.6463248824630844,0.5681522220754023,0.6949735885774218,0.7374985302502161,-2.889346933948377,-2.8595650724466375,1.949625528617465,1.7852223066439579,0.18398272426897067,0.2027053986554784
282,4.372877582099173,5.0,0.36955242642360026,1.2289660383702028,0.8204590249207951,0.8867284499501942,-2.5854306846391166,-2.6510630571978684,2.2819154914470534,2.498188606455531,1.66140023167176,1.6786190693690062,-1.0568682983477315,-1.1411298721600196
283,2.007743849906891,2.112813216765339,1.7252013835594706,2.0,0.8127378329739634,0.8682479277614019,-2.2173503995000097,-3.0,1.873907780863802,2.430268238710373,0.23424404780837427,0.23330064761046992,-1.9170689527270468,-2.6405184494973692
284,3.164126472572744,3.5245958661078514,1.2032748066856578,1.7807027967905897,0.7739909377525245,0.7833260858105475,0.12692251207267402,0.1660167476534279,0.26375369531411796,0.23595906967071037,2.9936326950510432,3.0,-1.2984086553641583,-1.2980126837833608
285,4.816167247643637,4.485105333198352,1.4123885665467402,1.3025427796700675,0.8754940957510297,0.9907017349193836,0.8672206681239107,1.0060138719312894,-1.4251287103070933,-1.4975964597535683,-0.9182774749742408,-0.9789856409147383,0.4148172865598092,0.4444185170913468
286,4.56877853394681,4.956510357377573,0.855190648498395,1.1707326319254194,0.7673625687222043,0.7747785379677137,1.8910601827929447,1.9479089395227853,0.7530141940379007,0.6822590070764941,-1.4306314716554014,-1.4855755677888525,-1.1013272118723214,-1.0942756933467286
287,3.402044937415199,3.409961191685088,0.2944445973784108,0.26510433796365146,0.5231660684016063,0.5619464794477298,1.3779563382806435,1.3786794530053357,1.8205063650394921,1.8828329273741307,0.35932560539154945,0.2872519874346094,0.72552629243397,0.7830275408105978
288,4.715322370769871,3.880511474988156,0.6945265683211956,0.2447576697652103,0.1346173091228174,0.2998305886270966,0.23621380409499104,0.2163085033718405,1.8752898435949517,2.044599801521515,-1.5103520499063112,-1.5871683343705343,-0.16109924974103995,-0.14628668084600321
289,3.76999911106986,3.9165139368375774,1.6235367211364082,2.0,0.9063845254067502,0.976542455189948,2.657763506860514,3.0,1.3136132804960061,1.5336597619714158,-0.8397811538681124,-0.9045551732540273,-1.9543079385086637,-2.2863567891716503
290,4.107113569964734,4.0732881504812894,0.734727002695999,0.7450236507719018,0.8386287836207353,0.8703613231152658,-0.8872134595365082,-0.8888509749454011,1.3104439743663385,1.3821378508517692,-0.5292433946041084,-0.5110259890063454,-0.06986060470197986,-0.02280816960342098
291,2.7218434281218533,2.6935246685405163,1.6818874948695082,2.0,0.5037861541823708,0.572969574314681,2.086272163229216,2.260330949726339,-0.23363235089107492,-0.35009971237368964,-0.16537820300294181,-0.3231169479485956,2.856628472602939,3.0
292,4.973123508078548,4.823207930275748,1.828308220979128,1.7362048984629244,0.7900661729309857,0.8041910177890859,0.3157842967033402,0.28404439143812005,0.4470237191003772,0.5298005248134997,0.5880883689055729,0.5869393898465839,0.8679445965594283,0.9055803954932555
293,4.5635977260600855,4.673085784116397,1.7147586599646467,2.0,0.4139005734833749,0.5286230513174541,2.6372841646707537,3.0,2.0158528615583586,2.429348607480853,2.098060915829753,2.6165716707495723,-2.1866923509361973,-2.7000111044625967
294,2.409151534880761,3.0492944739053964,0.8792905894930688,2.0,0.2720798945515118,0.2737802347076693,-2.6121930469897046,-2.746817558087298,-0.725996237115103,-0.7116329161551853,-1.8023252653177886,-1.9354491294973084,1.82543587326751,1.9800074529273122
295,2.127125645204884,3.146777726932679,0.18250208554768918,2.0,0.5408578729436665,0.5213363704820556,-2.3074096023885193,-2.4754137144660304,2.0833037339920613,2.223607828588285,1.5135425962743343,1.5608343994255678,2.531124655039979,2.754588085326023
296,2.153120906598452,2.1169592460801785,1.0227109997038666,0.9303759672563592,0.7857798174098238,0.8037796880379573,0.5816058001654252,0.6321179619978667,-0.298553710740858,-0.3068313960493402,-0.4061570216787147,-0.33987712550857885,-2.092600013868646,-2.3270224507540904
297,4.24986013431769,3.790064045461574,1.9988462050772935,2.0,0.7262147290470066,0.8630269656324023,-2.6523908923122916,-3.0,-2.7477115418007436,-3.0,1.8399815189087958,2.174697267260409,-1.0772480769151769,-1.3363088340109814
298,4.9416671412053335,5.0,0.2183733207963685,0.46490540188411733,0.2054153674670889,0.2913632633850397,-1.2588029074754696,-1.294529796332519,-1.6358510955027445,-1.6542531498221846,-2.765639649255939,-2.72757548807645,0.13264882215520535,0.17993890006930252
299,2.6192175174812995,3.758453049708852,0.4380022860935727,2.0,0.862429123257285,0.8261649274556906,-0.8472851918994555,-0.7646592320158552,1.9002386637871784,1.9919769522297464,-2.4490789123026238,-2.5867897857298576,-2.379304412014214,-2.4440310415842035
