,threshold_true,threshold_estimate,ndt_true,ndt_estimate,mu1_true,mu1_estimate,mu2_true,mu2_estimate,mu3_true,mu3_estimate
0,3.186573884215996,4.245177467267125,0.3660516968057703,0.4278798327862154,4.923498009629444,6.0,-5.746549783208847,-6.0,4.067105424363944,6.0
1,4.831539907553172,6.0,0.7731075713617789,0.8346668461646368,5.017782669887925,6.0,-4.358991181412861,-5.96070891109273,0.0015349909982234,-0.0109418998144124
2,2.652022029955705,3.973356073145236,0.1763855527212042,0.2830942697871827,3.167294086061538,6.0,2.0952697309478303,3.768718654558589,3.75919049986607,6.0
3,2.8957686031076384,2.8621566399157103,0.6825440533771743,0.7195392148225429,1.1343575275684232,1.1598372282352083,0.3360030335178146,0.291461184256108,1.052280466483611,0.9928109492042876
4,1.5713140281863844,1.887089218211196,0.1155347178691113,0.2304722766406997,-5.142123706594753,-5.995024128965176,-2.169388901017882,-5.24270079663809,0.4306877363206092,0.7080338457804629
5,4.938406557487339,5.781050993667489,0.3108564950463697,0.4100776317457257,4.392207860144634,6.0,-5.647510946493817,-6.0,2.567832455543122,3.87787012734761
6,3.495300329991021,6.0,0.9953772200502364,0.9561903623592226,-4.069759396787212,-6.0,4.626845069678594,6.0,4.31079214532725,6.0
7,3.090482108160024,4.439757436494899,0.8457885263337648,0.9864787986081404,-3.205755588131978,-6.0,-3.763393739951783,-6.0,-1.835584890921007,-3.6608470681477394
8,0.7881351404816159,1.878790324017757,0.7279830926775663,0.755914114273275,4.88344325858304,5.999230759436141,1.5159143587588635,4.032891416012273,5.281779075099514,5.9883911370888505
9,1.957535584497737,2.666951642053057,0.8642141829545592,0.8797900517880419,2.9597376788117464,4.066040588611308,2.420945552160026,3.495528805080604,-0.5541924554108721,-0.8201682855391953
10,2.7136082376434314,3.71277087168467,0.1745045855308141,0.2222807409436698,-4.918635372153224,-6.0,2.0950130497597432,3.5340805311017323,-5.210086668033525,-6.0
11,1.940668153000508,4.130127196738926,0.2266680247248025,0.1665153494978614,4.683182989664896,6.0,-5.004097927378565,-6.0,-4.650815382270849,-6.0
12,1.9436236762260304,1.706546707361098,0.4651542142371512,0.594967509763673,-1.2261202224671384,-2.100234852169584,-5.794834037890578,-5.996613176909128,0.955894817986994,1.1480090349827394
13,4.890924980300089,5.653811841560236,0.9826389236859632,1.0,0.7919940735555309,0.9926046507418824,-5.786760225413151,-6.0,5.941743425706622,6.0
14,1.8703573545687588,2.2562045983434444,0.2618950987975319,0.3885779137617301,5.232665986537661,5.991641936681979,5.010218046622372,5.979238572895417,-3.01182016177842,-5.915615032390748
15,3.687890844641307,5.231329880652655,0.9235930819521644,0.9922157715508634,-0.8056702482760247,-1.2477327834104788,2.1384902357303948,3.187623751848887,4.146765819074821,6.0
16,4.70654953956646,6.0,0.4871906810509152,0.7606565344474261,2.443386689874473,4.1890839777180044,-1.679896820729009,-2.99012287332287,3.580271878990641,6.0
17,4.774692613520461,5.225603248426554,0.6080195166720427,0.8224432889857174,-4.93033374238947,-6.0,-3.153232018906969,-5.070092164419773,-4.137411443554769,-6.0
18,2.6137843240513416,3.2669365506956574,0.8001961634014961,0.899757973139769,-3.7916744703484286,-6.0,4.934952066281639,6.0,1.2104224768441831,1.7943549072046987
19,2.692315474559201,2.6851930683440326,0.3036972993162526,0.5295738693436296,-3.578080399976462,-5.982803590503246,3.206571679251796,5.86393313471646,-4.118193464641569,-5.999891659118632
20,3.5521211252798373,4.170154106036459,0.5822533801105128,0.6571078885641017,-5.9820890073745066,-6.0,-5.369948512292313,-6.0,-5.546247803207889,-6.0
21,4.465010338121797,5.590734051440816,0.5725195379930831,0.6419291944652047,4.639098526668628,6.0,-5.175393177038337,-6.0,1.0691442632198056,1.308944495597978
22,0.9501524656118367,2.069703509830001,0.3287384704485191,0.3783205186775514,3.914979104387235,5.996271919885025,4.231747404154504,5.938805768807542,3.694886958938613,5.993656045327063
23,3.8468227847948713,4.8490063606479685,0.97919183582769,0.9950911708231344,5.272505121271027,6.0,-2.241818333408527,-2.7974244810081768,-1.291126832791254,-1.529985174123217
24,3.209180216148542,4.723888854455517,0.4291418685791999,0.5329002680723154,4.295610645874342,6.0,2.973097579762083,5.5279736136442414,-3.4486761913020807,-6.0
25,2.198956569394402,3.8111731546581713,0.9857445731184984,0.9715377490232484,5.021993013023675,6.0,3.470298317001222,5.766587206818994,-2.354252378838825,-4.076682065216717
26,0.6373048594603601,1.843615742828432,0.863379495956013,0.8852283289256835,2.6275671148749367,5.981650746690716,-4.085321874162091,-5.99027856827697,-3.877304613321855,-5.98668040335037
27,3.382098688956212,3.630802407197064,0.7418166181271273,0.8861868903107991,3.1369375577838885,4.739675276663561,-1.1116206649237843,-1.8409570536408784,5.2796136410876295,6.0
28,5.6784031592205375,5.873618293594742,0.1453698600759006,0.3010923707289667,4.967227878358125,6.0,2.690956404379506,3.7709635263333374,5.942745054649466,6.0
29,3.126134647285808,3.648512665224001,0.8346061333320156,0.9091698690807314,5.891076307892163,6.0,-3.3992718665300616,-4.814189938237699,-0.7095238733346316,-1.1997961948615652
30,5.899928307866404,6.0,0.761199130491635,1.0,-1.8090052202205045,-2.135933362093468,2.668061838062366,3.165581157783536,-1.2315000739083404,-1.4735910928613682
31,4.103406322757598,4.18285651610325,0.6822349554953236,0.8700520742846838,-2.720133908400645,-4.065974590336053,5.815081316629247,6.0,4.03901613634546,6.0
32,5.963887874775891,5.39579349491254,0.3316778328136696,0.6909878622026694,-0.8685845949205508,-1.0964091872364778,3.0885103445740563,3.490102713169984,-1.3276205580250653,-1.4864226711316504
33,5.5152656837665655,6.0,0.1922450947050853,0.6748466559759666,-0.9879502698697932,-1.6139811364982313,3.3320174698245464,6.0,3.0838529917201747,5.64550332501755
34,4.279304938063856,3.8617026603094415,0.4568987655293079,0.657413778896218,-5.726133880897268,-6.0,4.876891728454372,6.0,1.8648395472322568,2.8935184713739424
35,1.9390341279859016,2.325141347931317,0.5011137032417613,0.6449074664348167,3.2247950592850207,5.976993991857443,-3.61005403901744,-5.971485085939446,4.237829309913532,5.97826929554558
36,5.9764982981447,5.994428442727995,0.6671794224063046,0.9299944189871556,-0.1965183227206957,-0.3585171118988648,-1.208985539045253,-1.5364391804013793,5.022934963002799,6.0
37,1.612477084617307,1.9781710220185764,0.4566514760222939,0.571554569657301,5.826203102687128,5.997640814519954,2.454283820132202,5.336651151793028,-3.010289937843045,-5.9989743537647975
38,2.268564500287542,2.336593443987559,0.2082628884597384,0.4842569489816288,2.439651544924029,5.479051305171746,0.7168661953252902,2.0419587943630084,3.441705075019132,5.997158144325105
39,2.6538227868292297,4.013643720972331,0.1223543846650716,0.1531757722861071,-3.391705874768934,-5.720894058564378,-4.6296484531621775,-6.0,5.762521140157416,6.0
40,2.200197415557975,2.2629296403362766,0.2569272296812793,0.430573726322464,-4.918870408290761,-5.9795109683111765,-3.8873220961465154,-5.994413797604638,-1.9731388465223687,-4.423848769187522
41,3.9552389433939337,4.183376962712428,0.8673119121468927,0.9318395041377564,0.0767028830024103,0.0451274479792083,-3.1340736974311256,-3.548910822795486,-0.9266063754779554,-0.9962108747351478
42,4.535095256743791,5.886473913552709,0.9355071157976734,0.9991710631985666,-3.9473496053823793,-5.859207254618576,-1.8683313605101048,-2.811991773092708,-5.118577104259725,-6.0
43,5.593177695743214,5.962243101325687,0.690384550655091,0.8690546068992046,4.938189976073302,6.0,-5.006368251071727,-6.0,0.7700270367576958,1.0903134316844
44,4.9809747056743126,5.364965185228416,0.2180222769328533,0.3324797101739038,-4.118078360166017,-5.292185924997671,1.948288161703683,2.6405755889553304,5.87060375981491,6.0
45,2.048961545973118,2.2852303925136708,0.1464466631415471,0.265372338476774,5.329976957910748,5.987087634951282,-5.09786467676193,-5.982299978569377,3.9558354879418345,5.923857863844749
46,2.303164823521652,2.4671427782166897,0.7987492749221401,0.9997492625436304,3.4783058027367377,6.0,-3.8972124631496174,-6.0,2.315907900704908,6.0
47,4.634742811771737,6.0,0.907932751456847,0.996475319936587,2.173163221523525,3.2362116610232845,-3.727653041541087,-5.572569378914476,1.5517243201237658,2.2886805758976725
48,1.0487619551956875,1.4639276887499737,0.2986503780276289,0.3634744681603674,-0.8194517584524683,-1.521803540436838,3.5581273621591203,5.990617968560048,-0.0983609669215317,-0.0260016400462326
49,5.539896821145008,4.429998301928022,0.4549116023316054,0.8447791603339421,3.714715090500144,6.0,-5.242926446684514,-6.0,-3.8965903780660383,-6.0
50,2.631958384689524,4.276877530284704,0.5893168359564476,0.5881376028198151,-5.361824235852882,-6.0,4.587477937736148,6.0,4.203087637350829,6.0
51,3.916610152944788,5.038945550073586,0.2643423945191474,0.2926215280650821,2.9082084840162623,3.949670362948723,-1.94007499051692,-2.6705630090915684,-5.3710569247881335,-6.0
52,0.9134342122100914,1.6268212640277686,0.5843675787249002,0.6482700096269308,-2.353372938264384,-5.347205671535447,-3.127751980296717,-5.976368735720956,-0.2800060468937295,-1.0123270276267615
53,3.330898246627917,3.992838224584255,0.5973355392522938,0.7268965469776718,-2.437968383679788,-3.354344960124141,2.368783614895792,3.2594802370954605,-0.6601885185197687,-0.8789875296392256
54,5.857494743239989,6.0,0.9308534004577952,1.0,-0.9771074381351714,-1.05695444706494,-3.21674056737696,-3.45699874724712,0.0493584598583907,0.0788022513139413
55,3.338663293822215,5.489141430158996,0.8554747878008071,0.8481443223633947,-0.8354762226984689,-1.2826165457025518,4.023344047246718,6.0,4.191523597833898,6.0
56,1.8022901627682424,1.7389425482604917,0.6162360299445072,0.6802360226513795,0.635715675802023,0.6595162864419413,1.874677765049252,1.790439794226335,0.9708037680525404,0.912317252511936
57,0.6063170992769629,1.9287441609997724,0.5870744557640432,0.6037934427108093,4.751573601273774,5.98977318287429,4.970613429970154,5.997419506078706,4.08467816344346,5.9991743156298405
58,0.8119331496895856,1.7586411622748257,0.5952550667545791,0.6331747462995232,2.73623635901622,5.989978240947032,2.055960208444989,5.946854865396279,-1.8619937427688829,-5.381183972908857
59,5.587984275366688,5.808071785394118,0.6729359404881803,0.8897580443692981,1.774574252971298,2.383155672621289,-2.615646061856604,-3.467057018720829,4.986521526385868,6.0
60,5.7067880230604535,6.0,0.7859162210955773,0.9772924409054008,-2.425855493331588,-3.1337506007999867,-1.55535013867306,-1.990107510056264,4.546597818757203,5.935055408580503
61,4.122072156084235,4.553339249052421,0.38666978609392,0.5327250960687092,-5.248851938400232,-6.0,-3.395922063989539,-4.818158036580328,-1.4908752234563545,-2.227466415505859
62,5.283160596935439,5.601550609086468,0.3361643392952185,0.6521421265180617,0.1190824215670836,0.1674650831070732,-4.332919922446525,-6.0,-2.204076043690925,-3.227207499187265
63,3.5017178637191217,5.0545396365047806,0.4800193563020685,0.6644921345736026,-1.1193117520943323,-2.0307475177479177,3.3157229463688496,6.0,-2.533311839853427,-4.731157953689892
64,5.680270141883008,5.864818479500152,0.3799875601598311,0.2686580378714429,-0.9142724159492204,-0.9133429971002583,1.373029197697062,1.2702174672749462,-0.8310261495778528,-0.7937455700849834
65,4.151357847342779,5.6310768338741815,0.5047619977823826,0.5643016729062518,3.25412598580212,5.037891837351463,-5.09741114755848,-6.0,-3.3343664196236062,-5.19569628180636
66,1.0053690702910147,1.867012957172924,0.6477365819730749,0.690035353304975,1.204311914264848,3.7579442009956847,2.485455364782186,5.880445156220752,5.917269771212942,5.997344606972023
67,0.7686630002046286,1.7086564245745393,0.91530597617513,0.9497599811515676,-4.468019901921609,-5.995351113918905,-1.0348528281952696,-3.924487391574865,-2.610592497652333,-5.978137821454769
68,4.822261160738777,5.691742208192843,0.3717521768872461,0.6169433288712105,1.3682385139685636,2.0317912412752475,0.4118573059562376,0.6883142013834906,-3.957102213059889,-6.0
69,5.534680698430547,5.613268186359758,0.2807105991790916,0.6380484280879982,3.0396582220972763,4.942135011101809,-4.2422995093370135,-6.0,-0.7791173765564032,-1.199470303176551
70,3.680056999673477,4.3724573809404506,0.2831021364286035,0.3868207161676398,-4.39920532984952,-6.0,5.811204374510351,6.0,3.715965448275461,5.8026429018645445
71,4.3905705885994015,5.083054983746494,0.6830682860316093,0.9486402995597544,3.918693813008042,6.0,-2.8339724030367943,-4.460575257530957,-0.0569898004357871,-0.1730495168683021
72,2.325828916531401,2.347689294641252,0.2338279280520526,0.4188104701885863,2.999064563886272,5.842565353051346,-4.327291962952544,-5.994870013437175,-4.35961984163077,-5.993486250377687
73,4.062994640545532,4.416452139521643,0.215491177766786,0.5141252901096557,-1.887025852527215,-2.88978777946722,3.9803037727422073,6.0,-1.3151754489281156,-2.033418420628017
74,1.4531134992814991,1.469273362712994,0.973003617578856,1.0,0.2278957416777194,0.2970908687649731,-0.1623115284127299,-0.1264310427686758,1.6624429114274455,1.7151841304182054
75,3.102542404544105,3.760423509491456,0.6921665497992319,0.8958537143613153,-2.7251371438718226,-5.607986932327187,-3.6208647800706606,-6.0,3.701243033080996,6.0
76,1.9703002496451163,2.304951891059972,0.4928360492761963,0.6398303949564961,3.498409994570624,5.987841169877766,-4.954436619768343,-5.979979891084442,-4.368306197910034,-5.939430528572487
77,3.4224003699076166,4.342144969754304,0.7303050128582899,0.8387705351777448,-3.197355223471757,-5.077119124030674,-5.072241927703894,-6.0,-3.35206235424905,-5.570777395726939
78,3.736575087113114,5.876233188324823,0.9098076389141346,0.8795230338416904,-4.699259026768997,-6.0,2.0493291929743447,3.083948189308485,-4.573402222472586,-6.0
79,4.6385861898484535,5.291955834517308,0.8168117914110526,0.912941778228194,1.2760089069171592,1.6140339120067972,-5.383774542540888,-6.0,-2.7941827851784824,-3.627881501483507
80,5.7651313267772695,6.0,0.2959560391519718,0.5120923212239065,-5.233565727701613,-6.0,2.765462539300997,3.855467608679568,-2.6567434690538496,-3.7221259679070577
81,3.2447871276390097,6.0,0.4953585892316271,0.3402108546821934,-5.0886459738286245,-6.0,5.677243647957276,6.0,-5.388834077988244,-6.0
82,4.294494768314508,4.901260914719132,0.4155258399212599,0.6635897449424623,2.8108720535845064,4.691957619425027,-4.09513553628098,-6.0,0.6802305119500156,1.0817012280880136
83,2.875730159246817,4.074165802224786,0.7905362125406343,0.8363507306849199,4.7907291539067,6.0,-5.23906587352411,-6.0,2.955105905088609,4.9870452360748185
84,3.873701434838616,5.91668593014129,0.8456391663239968,0.8984385590313193,2.845574862535815,4.642102912144775,4.342386201701357,6.0,-2.0739471118199706,-3.360261251106296
85,3.5992215132770387,6.0,0.6387198156550511,0.7844674721060391,-2.280695368117396,-4.661583541596582,2.6619572833270304,5.4586446912941495,-3.0659535964186126,-6.0
86,0.9356846224391896,1.4956745940495064,0.7093442880344945,0.7668006075972262,4.782034015928058,6.0,-0.6498629213411471,-1.5744380617448523,-1.2848961928284235,-3.0516004595573154
87,5.535882823235609,4.841341136444141,0.1696298207866503,0.530352387871067,4.670876073236752,6.0,4.231667991224313,6.0,0.756611041902878,1.0913186441157388
88,2.7744522314183007,2.6994227805855555,0.5921873643145653,0.8221744633990886,3.378497405797822,5.995438787258507,0.4627957978382904,0.6660985768519345,4.267914097224963,5.991355625339243
89,3.704377183709924,3.786802221364532,0.4491247133005651,0.575767722359718,5.81394179731529,6.0,4.913416248798793,6.0,-0.2409038025075989,-0.4336808553389171
90,4.272982946409136,4.69733518175378,0.7974026532920696,0.909854471637522,-5.456819823657328,-6.0,-2.658766226230082,-3.5747001401464207,2.613805534573417,3.497075621264682
91,5.8751563535019296,5.655952706491379,0.2629143632104962,0.5332128276861374,-5.202890211466715,-6.0,1.847311765896201,2.439984408440294,2.082785738621243,2.934588320113157
92,1.291846442297021,2.0377714663809217,0.6650977533042494,0.7369915128192155,-4.97015213363464,-5.978088220389267,2.090630193168203,5.874816916419526,5.897528150620705,5.999692267792334
93,4.161452635612989,4.394652567252833,0.1302297154964385,0.2192757306178283,-5.709799382025297,-6.0,1.65523622967769,2.116511084869798,0.8950405899688074,1.0393616012692652
94,4.453965269499347,5.147868055122276,0.8101859187405251,0.8900197227152504,-1.1881964747721327,-1.3235266792179576,3.0454678143072726,3.759127900906764,-1.2390762308460816,-1.6180851368318772
95,5.94186889999793,6.0,0.8634740067855442,1.0,1.8300349265845133,2.140381710390535,3.218211931394683,3.6557477750702754,3.5321858081509774,3.9913520635820623
96,3.488461350083086,4.208307908424849,0.5657530269998918,0.7839024645616955,0.1503265575234658,0.1926844636717854,-3.666461514206565,-6.0,-2.092221100871562,-3.4648409449797386
97,2.3355751107228,2.152341075656339,0.4800511212058246,0.6619675564520568,-2.6884066475289896,-5.926593155513242,-3.1689646510239884,-5.987259944465931,-5.99871278660801,-5.999551372515222
98,4.976227305950894,4.944900162585845,0.4690659005439986,0.723717052751165,5.23024080984324,6.0,1.879080465038653,3.0124928368881507,-3.708167085888205,-5.674327493453238
99,1.5637850753121438,2.2502825390192163,0.933018382414379,1.0,4.952796798011993,6.0,-4.596324324221106,-6.0,-5.465922322764273,-6.0
100,4.177216252419492,4.985830894360026,0.6154530743633636,0.8782115860335029,3.756055217515956,6.0,-3.564832712897246,-6.0,-1.7032438868353847,-3.088679136606152
101,1.47059212698948,2.055824784529736,0.5242149500823237,0.6558616495855946,2.6417132480411616,5.978423552643042,-3.4708246723284244,-5.9291159304416094,1.1116234193347716,2.21214901142847
102,0.661758650749986,1.9297632096897803,0.6601345360073683,0.6835650356079886,4.137380512857874,5.996342204030358,5.199937290849557,5.995406922156784,-3.878257210481498,-5.974843782621548
103,3.5490341280023374,4.184212290919239,0.3815989012490459,0.4069160154198513,-5.937852398304823,-6.0,0.5487185003687185,0.6113325224545882,2.732338876040116,3.375055355933449
104,4.434552650791725,5.907318784575141,0.8954024673264724,0.9975980025961751,3.094097763409034,4.539526124264515,-1.875529501781497,-2.7543329770188247,-1.0435575169278462,-1.5643099034643897
105,4.022363033096176,4.792214274331241,0.319774055604573,0.5675593888315807,2.84753065546472,5.1244041305072265,-2.3466291559850743,-4.214941223766401,-4.058552535789611,-6.0
106,5.262161686401662,5.890366918451399,0.441010844921695,0.560368574213084,-3.3448830671132312,-4.446138841259622,0.0131125215503078,-0.1446035172251003,5.1779947018525405,6.0
107,1.168714431497476,1.798292023846281,0.7011165478547464,0.7780116328997326,0.4805276959777096,1.5937775436352246,3.666469742009276,5.967288316691709,2.676408848273768,5.908999441463831
108,4.853778192393841,5.875093985123908,0.1487825356114289,0.2542874367269593,5.158576325312934,6.0,-3.052701135442921,-4.280601649757058,2.159108041993908,2.9681939545475635
109,1.906431066227137,2.269566264141668,0.51500451261603,0.6459734257717826,-5.819627865831668,-5.995925862307943,3.710897588772848,5.981739858809573,-3.8297249147615697,-5.990797023109616
110,2.4276975982751665,3.1958439124583022,0.6499756776594612,0.7237100433073478,1.1343149538304456,1.6533220103448454,-2.6176268151325037,-3.817825329493967,-2.9795492151974736,-4.421563555626745
111,2.188296313029247,2.029954665032156,0.7009337513276722,0.8467405828323169,5.294990437612786,5.9952996225062325,-4.70671762150163,-5.994872617124896,1.023401695885855,2.1596729690402507
112,4.3848282821436815,4.866060631665321,0.543338347008535,0.7148554433823435,-5.17399535684487,-6.0,-3.757610280762696,-5.850469068672166,2.070069973543996,3.3762241907284385
113,0.8465487952031896,1.4502406795368168,0.1723120860640717,0.202038081454446,0.8060871290265634,1.6487447003114524,-5.862805072738123,-6.0,-0.034788933302535,-0.0821209546090857
114,5.871570926023265,6.0,0.7907847607662394,0.905548478913836,-0.1835851324555935,-0.1805454676267372,-2.1801208166075488,-2.3904101736888896,-0.0009030195829935,-0.0261577008335713
115,0.6184638188841751,1.271581246425349,0.3459791663312603,0.3640721501808126,-0.4003444705181191,-1.331113035659738,0.3528934974984858,1.1051722706676377,-4.12470015626883,-6.0
116,5.401046318147562,4.937663139600182,0.652662960619326,0.9577929849182808,0.7347835573166908,0.9246529627471248,-1.3772583828122675,-1.6185930141819127,-5.049682196196821,-6.0
117,1.0123468519568688,1.6210975998673716,0.410301827451537,0.4697187235122422,-3.2913686959853594,-5.981869042902682,-1.833238062949236,-4.596545824983987,-0.0118191608183813,-0.4160245307178558
118,3.3764746670103523,4.301307131244804,0.4224749037537181,0.6235329033076055,0.9748158770559224,1.6200102749175032,-3.2363670760830825,-5.4721149819780255,2.286663195623922,3.720537148937325
119,5.711994433835437,6.0,0.4871775859519406,0.7557455509787799,-4.634263082609576,-6.0,2.7042711184667176,4.137083073521297,-2.2634883495338007,-3.2424619326806865
120,1.9462868988069688,2.281840039850393,0.7033706237248809,0.8192292406732344,3.2617500550779663,5.983792230423504,5.6976542226061,5.989999091504107,5.314309012956361,5.989292417524309
121,4.262095107561269,4.492363532211716,0.2532738784110369,0.3838181786725052,-3.632787685271944,-4.762124021007438,-0.691004759120784,-0.7636310410720107,-5.82745295020078,-6.0
122,2.564555762110624,3.6123886170927646,0.8133579893931965,0.8048043968920738,5.419487653825642,6.0,-5.960131280553879,-6.0,-1.0440621956820642,-1.4961569142624525
123,4.605345820349016,5.419848946206084,0.8657640922534018,0.9692720313202215,-5.386656950926085,-6.0,-2.768226639820821,-3.7110778150457535,2.340922142435958,3.140283819049993
124,4.042022640995329,4.964623138628894,0.149020042880101,0.3551570405129106,-1.405248878688623,-2.2381039684456354,-2.019580896117058,-3.212543888217243,-3.0045617151933466,-4.689263004943776
125,4.185172319152331,5.811932939547288,0.8445831818642899,0.9878585193059698,2.9992570058410264,4.984248879861355,3.866396495379689,6.0,0.3916854535423777,0.698179788358533
126,3.223463183303312,2.9886550563905265,0.4425037226316015,0.5930142994378993,1.8645286644510783,1.9341104334222048,-0.7753911667655706,-0.6610641484724572,0.8176679390110388,0.871664829349627
127,4.447589932932768,5.639766336500445,0.1982976171588338,0.2878461591944888,3.3847385132149554,4.900040782644434,-2.532114448491217,-3.650535689686204,-5.153571045562864,-6.0
128,0.5320833023904928,1.8138561957017123,0.3812723223601107,0.3968284834657757,-5.921446919509302,-5.9989148792982325,-1.8961732644688076,-5.748528963911658,5.253429672496736,5.995528785255022
129,5.641610239327855,6.0,0.8698682308347009,1.0,3.727724209467038,4.732440092402958,-1.789558487378902,-2.404670998554203,-5.0727590613934135,-6.0
130,3.9245523759645,4.261837717818192,0.465007700743236,0.6097309384735459,5.223016264407066,6.0,-0.7755396475031704,-1.1153907429707826,-2.436240223278494,-3.280344501924896
131,2.248922832139039,3.71718308565619,0.1640007117640931,0.1747056386624866,-4.549938632898066,-6.0,1.2517225121047098,2.3145450644746304,-3.9479482850542977,-6.0
132,4.8995685426737285,5.648557005224694,0.4076256910774744,0.6321234625804197,1.937633611454008,2.869690363233588,4.408220797276107,6.0,-2.27584422444584,-3.662164472551989
133,1.0476454451878283,2.1383516988730538,0.6361718871400122,0.676043275279367,5.918044041463701,5.993874522785153,5.692028186882145,5.997424679824617,-5.051167704253899,-5.990159310036654
134,0.9841028355163888,2.0649273995861828,0.8698603356957681,0.9236509196323808,3.35706284221362,5.984640471091982,3.350833654009851,5.999612898280561,2.580931060818415,5.995370555151558
135,1.410875191929058,3.7112630608968575,0.9664948052838944,0.8640573831460477,-4.207199985392712,-6.0,-2.304202553904907,-3.8933659849197952,4.293892054789007,6.0
136,5.8811186384362495,5.70846606040065,0.4654929995871893,0.6438015550445502,-2.2058160993900886,-2.595538576235697,5.849053558973069,6.0,3.1698877221309085,4.070459425772402
137,5.3931453649500485,6.0,0.7642871603876938,0.936513530085895,-0.0754074856672031,-0.0907986412321059,4.34133372328361,5.47317337988887,-0.1653536933364514,-0.1787217738354896
138,5.0313068340331695,3.7336561011917193,0.1389167888570057,0.4977390017666745,-0.7940471815954444,-1.087574750152999,5.502984882285517,6.0,1.709757961109904,2.1689960450248544
139,2.5909688175994487,2.9273376433610854,0.7713097774496798,0.901804867585895,2.524985832238799,3.932524784324668,-0.2559888221811999,-0.5628698456855586,-4.636560918849883,-6.0
140,4.048082546845444,4.6290705210764775,0.5246259653576734,0.5826091589368557,-1.3232330706386457,-1.6674384510467333,-5.572596693233007,-6.0,-1.959074264603628,-2.6399084240652786
141,0.5049147026949786,1.5137485348688493,0.2669514306139873,0.2795395366084949,3.3420507567182574,5.99907784287476,-0.5604516287604491,-2.2744268996508703,-3.8144781734528186,-5.9988850854508655
142,3.3242118598478814,3.868346331066365,0.3443648750587134,0.4639588381379146,4.496371847003426,6.0,2.182189574100236,3.724976698676783,5.2321709598309125,6.0
143,4.500777226983497,6.0,0.3399707333022562,0.6433249529114078,2.665303384325469,4.943911882060879,2.4357056261751326,4.39366983627598,-2.266758114184714,-4.269150003243665
144,5.0260159371543045,5.321920925183323,0.5927309223102667,0.6765301095500609,5.847720586513,6.0,-2.740772147149609,-3.3299904310647546,-0.9396954383784526,-1.0472372868979436
145,2.3613237954165416,3.0805751651392432,0.957295909380481,0.9462098955888238,-5.616275224904315,-6.0,1.346862264492647,1.5918198596812922,-0.1384731069469289,-0.2063510637591704
146,5.182875858827701,6.0,0.9185372455550104,0.9981805068049192,3.90563126101746,4.984407653303734,-4.511756760045034,-5.791712271307192,2.277056269211991,2.898976539130171
147,2.576213621247577,3.2952967551253343,0.7505126418314824,0.8459215551385977,2.0992841577817107,3.399723675068518,4.405112702883611,6.0,1.0118976391562249,1.7667668099207725
148,3.4011207814868345,3.752657938140026,0.164656785148018,0.2673131318437502,-0.6105080472603515,-1.1472499454629628,-5.895015319240871,-6.0,4.892400391437394,6.0
149,3.40582827954318,3.524761633322313,0.2666464541429137,0.3922413787627122,5.61595013891189,6.0,5.335589065647984,6.0,-0.2049726033414995,-0.2604338266016091
150,1.6221538579515171,3.654430784346258,0.9340159192057884,0.8377574602436961,1.9123585036831343,2.7245189705234933,5.706928114092364,6.0,4.670590137925874,6.0
151,2.2647178044124785,1.737662218550548,0.748201148472755,1.0,1.48604654217106,1.5959278616594144,-2.001184866656336,-2.3372938473415528,-1.7672349476141598,-2.1820731942838543
152,2.1716900675757254,1.6683707560686591,0.6913381974033753,0.9448732930389212,-2.4121492303858374,-3.139432159019567,-1.3356107282046987,-1.797188780309749,-1.4073898120554436,-1.7535243537031922
153,5.014935895987293,4.645655934599725,0.2105596239455353,0.6044368378943626,-0.1424247619456555,-0.2096205916294035,3.5040040300381223,4.491367521868638,0.46599343055748,0.6207345371280596
154,3.136226089772787,4.087802560580404,0.8222154445132985,0.9020006860485236,-4.740915628576863,-6.0,-5.053915962671297,-6.0,2.770512510065772,4.822253382542979
155,5.594387769764135,5.950050574518064,0.8512796869003975,0.9711805288591367,-1.6141735245568776,-1.7605700327386913,0.4193974548635282,0.6009826578527555,-2.7157598803580654,-3.068399441844569
156,5.947244824161488,5.889029599533074,0.2398350606232182,0.4999775171344849,-3.3911510570063803,-4.661112785436191,0.7450704117328395,1.095117678068481,5.21765455775897,6.0
157,3.6997609233109383,4.323831504632562,0.810577977723594,0.950390090561369,-4.940135098406042,-6.0,-4.877618336669702,-6.0,3.1685534523641423,5.437533861875364
158,2.072888239355916,3.653275716592333,0.2236756979624959,0.1970102328094552,5.0510129879844525,6.0,-4.188689899605278,-6.0,-1.302529573438454,-1.986885156460632
159,2.4274541323205154,3.502910037494107,0.7265987963581805,0.7211677076118136,-5.911847907463198,-6.0,-3.018512885305524,-4.286845884087546,-2.451811974573796,-3.3258843665817146
160,3.15812260603014,4.458914783940255,0.5714247548847117,0.5891784034146388,4.655220343887368,6.0,-5.584874416660624,-6.0,-5.261501236433183,-6.0
161,1.8672289406942075,1.9597271566654704,0.5813452185136513,0.6942525561850807,-5.65270841289484,-5.99391020714106,-5.435796247888407,-5.992716774365035,-0.4453882858005604,-0.3637534299297231
162,4.488116747958701,6.0,0.1962638744820457,0.4436402913925477,-3.31078997488472,-5.856714223070479,-1.6711776017268876,-2.945673632623558,-1.5869186034395826,-3.095260632800057
163,2.165617217128406,3.0059867696843985,0.718365874481075,0.7306885132897919,-0.9596681393381474,-1.240538126414909,2.4599006249548574,3.4484926246354437,5.54200539965411,6.0
164,1.3330751558222658,1.8282146235464147,0.1644149717518726,0.2561890381295634,4.569630243784408,5.997762305016094,2.4760703968789306,5.93681760508242,0.0052398774532536,-0.2403085199846413
165,2.9485927500029576,3.438029959194056,0.2291452087972983,0.370733694372036,0.3600466568691018,0.5965796749348122,-3.551728727310405,-5.114378597831017,0.4076399978263354,0.64025286114817
166,1.2798204493911731,1.6728459930253683,0.2837849165295858,0.387009389149503,-3.480614579440916,-5.9936001255542415,0.7411782599758134,1.525665862916009,1.3726699281789694,2.872994511840073
167,5.281230348923874,5.430416760116669,0.2298366841180756,0.5581718151152016,0.8945387864309344,1.2232525350999233,2.383996391336708,3.3343085199334923,-2.261618895925996,-3.064610445272008
168,5.955327999387704,5.686059700366376,0.6354058681248813,1.0,-3.066046748126063,-3.632553794852282,0.3008693470205101,0.4080789530190301,-0.7124383291269938,-0.7993966245598016
169,5.189281553432518,5.1526023385151225,0.2064566155019278,0.4179205648141301,3.4239125800458443,4.602896082919827,-1.609246838179279,-2.1828243939341214,-5.45813766637575,-6.0
170,3.361131016630857,3.9740840318339754,0.9405475300787668,0.965094611157998,0.1370844782380778,0.1864692690023294,0.7471464925627473,1.001223116103639,-5.579895624895018,-6.0
171,0.941104783195039,1.6681912282279492,0.211326990272029,0.2663001037015674,-0.2184852626521105,-0.7627527649512629,-2.661266940604766,-5.968875204421392,-4.170697942468517,-5.986284776947378
172,0.6795478603238091,1.6936556755365662,0.8462020080613838,0.8781431146854634,3.0330455332511037,5.997552811737938,1.17936982679529,3.9440589819797975,3.694611720008871,5.994722966150995
173,5.704290211834161,6.0,0.7079020521552506,1.0,-2.9952967184676167,-4.332975166854495,-3.966697145899061,-5.776304094228059,0.2492906082854737,0.4844443135011611
174,5.947518631138192,6.0,0.3675903461724392,0.9228311716406824,-2.4201332552757884,-3.911535867890771,-3.317543935192869,-5.6273937269138505,-0.1323147722896789,-0.3260531853764087
175,5.346114249200989,6.0,0.8183924362310376,0.9748543754113548,-2.97354404751113,-4.065037510754146,-4.248857500895573,-5.909055393856669,4.330255059128676,6.0
176,4.985633603015413,6.0,0.5020572492542402,0.7337316765650164,0.4159388666046322,0.8918983153641815,3.5677405115703564,5.95564858317496,4.222104977142214,6.0
177,2.584771960561663,2.751018938838305,0.5627871099266505,0.6721466005581479,0.6140149529746082,0.6558142453132481,-2.063994570291391,-2.7362560087749386,2.70228542145703,3.608811645821557
178,3.762056200021336,5.632160216057256,0.9901566687064118,0.9267457956875028,-4.944762035595085,-6.0,-0.9050714793587188,-1.198819503913808,-5.5837681170316245,-6.0
179,2.8360966597381867,3.782718490859208,0.4240287997835373,0.4846766727365658,-4.640923050322,-6.0,-2.315967089591492,-3.764748237968501,-5.187663765272088,-6.0
180,4.6476296981579415,4.872482788479828,0.8725607071622803,0.9919173524553062,-1.506477647991333,-1.9753148898799116,-1.8381113475722624,-2.280276367177869,-5.677914244479483,-6.0
181,3.472259119955225,4.330367500059204,0.6922570108562262,0.761059633964775,4.45661388052422,6.0,-5.3250857715563225,-6.0,-5.451587757979475,-6.0
182,2.677466565517053,3.287502721359848,0.3347466990946226,0.566369467326759,-2.4325785508496427,-4.9831218075440535,-3.1668292410937147,-6.0,1.392385131979854,3.2422693298405414
183,5.908846924735432,6.0,0.7763900376618523,0.8449760926698585,5.866243593963191,6.0,2.2561821174488954,2.516108057809435,0.4021755191564073,0.4258628425134131
184,2.1548818826037377,2.0157628462887205,0.4236615054793585,0.5548456465230733,-0.7991823972743828,-0.957020347998376,5.518411164042668,5.997362875570085,4.952750731614747,5.998143839673624
185,1.802240114675621,2.0804653022940416,0.7246868782814935,0.8603003216300855,2.7670500191128014,5.999503742677323,-5.597427448590263,-5.996938761535369,-2.327082189300941,-5.465375816483137
186,2.686730069339079,2.758524195449544,0.93132820522467,1.0,-1.3287752964194377,-1.5293280369368378,1.5385156521413794,1.7519732933282193,1.863623050332508,2.1111265875652365
187,3.734140870738014,4.591722267702977,0.6114579917368648,0.8488339593244861,0.0544061885321514,-0.0528182316119325,-3.5939411815515507,-6.0,2.190436709801048,3.562374208734609
188,1.5373121711765234,2.0696138976862937,0.8951588693366446,1.0,0.0859135216447737,0.3290067479943609,3.307647222129012,6.0,4.017500926542676,6.0
189,3.795876773833622,4.607816070227543,0.5466582349721357,0.7781457513698428,3.4667412421174344,6.0,3.8314876718732656,6.0,-1.00434663670401,-1.7404872068209096
190,3.5036800133895687,3.513932184122555,0.3012693674413366,0.3313929019027134,0.1981558955957814,0.2092931728303036,1.2314475726683716,1.2581442184949885,-1.6789428780817328,-1.7433597892410515
191,3.5971344085456085,3.945759491701808,0.6812912455075363,0.8715648293104857,4.39770188040895,6.0,-1.650478700542958,-2.48770301959093,-0.4888635435901012,-0.8009601273838176
192,1.3000596731423153,1.2653417016621944,0.4776797219615425,0.5809026635182513,1.9801466063822493,2.6901145145542213,-1.4538534925892406,-1.8574081690685853,-0.168183634886208,-0.0703485606132784
193,0.5320550780941888,1.2558341826880102,0.9912829901862884,1.0,0.7536370932683325,2.5386082015542266,-4.076758553136481,-6.0,-0.1188142048557105,0.3052369148277887
194,2.899756386310059,3.62169997440709,0.8744831332330232,0.9341846052654392,4.294111314341366,6.0,-5.999643615098226,-6.0,2.0665563651533283,3.03119719890062
195,4.85208136307133,5.498896046438781,0.5061008599407922,0.4925894747642557,-0.7095084752796059,-0.6783267287566125,1.1806837281658438,1.4305447252831904,5.9789113463072905,6.0
196,4.962292846439535,6.0,0.166210614022177,0.3109618082360174,3.251415384820675,4.924623329315902,-4.425538989679119,-6.0,4.247384879354115,6.0
197,5.338491191500454,5.595666734062959,0.4400499091447116,0.378009526877157,-0.0353988743279631,-0.0526418781622308,2.283435569325584,2.3065683141803808,1.191744362385685,1.2629434508540904
198,4.26574404516252,6.0,0.939129939266925,1.0,-1.6299620063667968,-2.3606228861886467,-3.889585314117716,-5.892299916025661,1.884948525371389,2.972717178609273
199,2.100837396947518,1.842155375128534,0.6530736052322311,0.8467086360596143,4.317935727661103,5.962415278039038,0.7270335931495593,1.2412473620812174,0.9528428651159424,1.4191459785695693
200,4.869507231497457,6.0,0.9302239513777896,1.0,-3.988174049120531,-5.290754356652146,3.718368943312398,5.024905002112118,1.4238881366515415,1.84646176345723
201,2.744757224371717,3.7057019664099524,0.7224953952390666,0.7588764033221443,4.564464627293946,6.0,5.554940016150811,6.0,0.4003496819217025,0.7130775596412958
202,2.5896082265219142,4.170860892535481,0.5080169080129016,0.5754316200595045,-2.384402650137576,-4.104953856959002,-0.6770656506376409,-1.4668969450774418,3.2973737864043065,6.0
203,4.805617233140223,6.0,0.8611888395069542,0.9454524379242513,-4.5416995940673335,-6.0,-3.2357126125169375,-4.317773890997106,1.1375008542373988,1.3621121381024972
204,1.8178884302298401,2.1675411255618027,0.7125801209500509,0.8404994847071415,2.299524462504725,5.839642710638817,-4.994650147979111,-5.998174908882659,-4.740586765609075,-5.992824378583959
205,4.123652431616097,5.488224306560553,0.15341962246355753,0.1679824131020462,-4.975807109051899,-6.0,5.751021845744399,6.0,-2.9326954539421792,-3.9844984813271194
206,1.49142897897001,2.1129473803941865,0.5843145741166373,0.6871216042045447,3.5787888613989574,5.988063107257769,5.798203336518354,5.995230943739878,2.2212904532467665,5.845661490299218
207,0.6134115158855038,1.7489981638559375,0.3443868823906873,0.3651751836703986,4.883510095218176,5.991672153965646,4.527200613919632,5.966329574290817,-1.340745703226756,-4.529840261690644
208,3.1261497100230136,4.0712377482209785,0.7990020192650384,0.8814592760307541,5.189581394177804,6.0,2.33425329717848,4.066528787096687,-4.62247220858708,-6.0
209,5.401111916585059,5.941039980769199,0.23002377761254195,0.5532342668290623,1.3448816082150454,2.0494671752996987,-4.163064050019665,-6.0,0.21297308801234482,0.14834770207841327
210,0.6530228390425536,1.8264342389789254,0.9639159549865813,0.9879159159457779,-3.6215883563358626,-6.0,-2.8640732202820365,-6.0,2.486240853452651,6.0
211,4.435038032476186,5.173356184756018,0.4432487454231874,0.673422189093309,0.3166549782803014,0.5177091045462457,-4.073594033908354,-6.0,-1.6424660313418826,-2.3887150615690653
212,0.6541383672294547,1.5778859160218373,0.9738499181274353,0.9957018374869101,-1.5724301304049217,-5.019389211994209,-0.9333163360459991,-3.838126354123721,-4.644153862063703,-5.995780709713554
213,5.713680034070826,4.840187670614698,0.31164076908204996,0.65939091660045,-4.092970083715851,-6.0,-3.2040491029168674,-5.030247930898042,5.279364410424305,6.0
214,4.369019717356425,6.0,0.9840990522446011,0.977262361996999,1.3896474213303507,1.8821853807141584,-1.4174876647984176,-1.8572822450919964,4.56463189628006,6.0
215,2.7772057058425053,4.073932219557005,0.512684353771636,0.5611970693547509,-2.0075866443679717,-3.2181159064891482,-3.3428578730105674,-5.4267254210166085,-4.804273514145304,-6.0
216,1.3816572413202404,1.956552464941086,0.1582741960716708,0.24321268739617435,-2.5819135065075685,-5.945566766997746,-5.0934039008793235,-5.999293210866216,-1.633478463184551,-3.641464179647988
217,5.757235709342187,5.680260847222871,0.3638060809400393,0.6812565284782944,1.8887723748695553,2.7666815711547383,2.912454222134307,4.472235931869602,-4.820882477801446,-6.0
218,4.850127823554868,6.0,0.9693666418308368,1.0,2.854586589834795,3.4665769554912456,-2.3349052567224766,-3.037357938358463,-3.4797066855483734,-4.600658546942522
219,4.003981728731157,6.0,0.9464377067449135,0.9737025106589383,2.998754581717163,4.643383705390172,-0.5951498895334115,-0.9393034230150987,3.695050422299679,5.715647639120447
220,4.701580836501091,4.0712435507898,0.2304770438777518,0.47119671944200414,2.357868995482129,3.3557618977945194,-5.336033167545173,-6.0,-5.5724194897505,-6.0
221,0.8693372850320817,1.701398093670868,0.8624559670670745,0.9100770875803385,5.238896559637564,5.995628372791108,-3.3526489618743387,-5.962152679255244,-1.198825322166197,-2.590172928030331
222,5.374830875456719,6.0,0.3276756825104568,0.6960033127320191,-2.294476313457042,-3.6913277991221767,1.9205041803833738,3.047792634257393,-3.203762318150089,-5.179786878475403
223,4.860384903376394,5.632829918478219,0.6805602194024286,0.8770473909089971,-0.08106424025274173,-0.11909530890491847,0.005765255844067063,-0.06606271078569019,-4.54076949202656,-6.0
224,4.800431267610948,4.7333288404605,0.27441429119333477,0.41684382578410223,-1.7756431860119841,-1.8874439901385465,-1.1410961183048536,-1.3223685785191375,-2.5290323646195803,-2.8272372307350295
225,3.9231300262626045,4.2361104490829735,0.6400983878685725,0.788677220093786,-4.606682866906412,-6.0,5.334470345436101,6.0,2.2206869875035555,3.468616906180746
226,5.126582641695172,5.192361831329358,0.7959799397735683,0.7572457748814004,-0.563157298804545,-0.6015908623357012,-1.2422250610374177,-1.260246759871589,1.1499194200606895,1.0766566124769013
227,1.9652443063807907,2.198864646690486,0.12966752515777027,0.3054230062516182,3.6733484087462434,5.9734447962735615,3.184348716417266,5.993470113486453,-0.7727802434455198,-1.0894403998209998
228,3.4508003917777184,5.4878250783664875,0.5135979641031739,0.6461879660254547,-3.62366487466596,-6.0,2.4630382364968346,5.0054727309400215,-2.827345452080303,-5.716631573441592
229,3.5637137982627145,3.5161264926829183,0.8242700242022315,0.8779618155380893,-0.08925011326126686,-0.13401305048292836,1.5032585652172448,1.5920448789947141,-0.9499411995764997,-1.0050278421361174
230,2.8673775747840136,3.525956116276227,0.4849761776868696,0.6614040512979128,3.79917415137191,6.0,-2.0442165151640097,-3.5166559289544685,1.6593947876971278,3.0300995898308707
231,3.221303743394708,4.915700968928378,0.5098442185420962,0.5955951391909858,4.257631214386995,6.0,2.9729794560300244,5.450244973245119,-3.5125272803314926,-6.0
232,0.6532483395703317,1.581526874490687,0.4351019145491438,0.4600993512627607,-2.4750186468691227,-5.993574796765378,3.5970760618217166,5.997907398032023,0.5722470203657912,2.2820624762910624
233,5.803240601197075,4.739249440347275,0.27962145377561615,0.5624385899625644,-5.779329780139792,-6.0,5.09781890715931,6.0,4.621473059479481,6.0
234,1.7965226021491454,1.9588513824309925,0.37773112775221895,0.5075362404753356,0.5144036278731079,0.6948723990609151,3.261109377293159,5.813852758037158,5.454362906863089,5.984792019769544
235,4.71528611270085,4.812242032568947,0.19535763380037588,0.26311721881588995,1.796169299253978,2.0341503625635897,-0.9825486355295441,-1.0741259379938086,-1.8509070326737853,-1.8383778960347064
236,4.7744587168627906,5.939650424373031,0.3802436589723377,0.6014263017206621,4.000453313410812,6.0,3.873582287783513,6.0,0.210980530861145,0.4283131374242885
237,2.935386929532775,2.963162132880123,0.7667564649976051,0.8867978794997283,0.13661038234005662,0.4119219275756787,5.645978826848667,6.0,-1.5378104168609923,-1.8500552050645915
238,4.57763276996345,4.6321992380118395,0.6779040111504416,0.8597262463469397,-0.7271991967348668,-0.9525247084775081,5.079496359220133,6.0,-0.09068855324908887,0.06566086566087403
239,3.322721447945946,4.308759356819334,0.2409571725794696,0.3557166076077469,2.236533518094863,3.789797053423388,-4.961595058150934,-6.0,-3.6409404505251075,-6.0
240,2.723509873092618,2.2857292394589166,0.23133710651300873,0.45519810966676105,3.2381393102937666,5.650851547036046,-4.854301461091513,-5.9953992582264934,-0.478038006611881,-0.9596208303936022
241,3.10872287226694,4.578647716697761,0.7933505150509178,0.8362927891110327,-4.074618321478079,-6.0,1.7433322440233026,2.7702386331792686,-1.2425848288245458,-1.9597932715562512
242,2.931111629240751,2.8393980060481283,0.39930384737172764,0.5385529507641171,-0.916834786847784,-1.4805515342852564,-5.432270510713377,-6.0,-1.148828972070175,-1.4825641336733058
243,1.0193645252874184,2.1058585869853097,0.1425969814130601,0.18981845994617158,4.6306429647631875,5.941262692746458,-5.837059624774087,-5.99345547477953,4.252539530306388,5.9910194678284405
244,1.3175411368039007,1.7293645944206555,0.3197791819526137,0.39970118089935747,-5.803154630374221,-5.9948994650637975,-2.1706510323260604,-4.956336110180384,-0.9258928246562887,-2.0335847887550527
245,3.261187291193401,4.25310355820068,0.7076153957463592,0.7703473351745794,-4.7941576797941545,-6.0,4.969656593673112,6.0,5.264483937443962,6.0
246,0.8015385183748427,1.9084762077974762,0.9719863387368115,1.0,-1.995944881957699,-6.0,4.926099487112128,6.0,2.188899676058114,6.0
247,5.212223119435434,5.1472626919534585,0.42591820866235186,0.6837641564194146,-1.082860036091327,-1.5757539311416016,2.2329250522541497,3.2860038118517885,4.987823924173449,6.0
248,5.952522700356185,6.0,0.9108162588516504,1.0,-1.9385639639965384,-2.2444646614738772,-4.294164477787451,-4.636274379211731,0.023999232856011687,0.016844607034935205
249,3.2684309181138103,3.245727301448366,0.29712070199049007,0.43691101588379294,-0.6753014774705495,-0.7326046496400203,0.9817929389443649,1.1092561663044893,2.55089885071564,2.975373035975105
250,3.674166936092872,4.982893195298931,0.3041278182325016,0.5054585198771876,-2.769517897585789,-5.337605886921015,2.2232929481491484,4.313597305964739,-3.624899841055814,-6.0
251,2.471314281255639,3.635970658261627,0.9413065532274877,0.975305205010395,1.0946439707930606,1.7312973269687177,1.9614639125566122,2.887411489782383,-4.009628450661273,-6.0
252,4.04760909565356,4.70439515181102,0.3980272420122318,0.6687323308038722,3.020986202197044,4.708942216063145,-2.1681256789031735,-3.560946593397876,-1.2330276104592137,-2.0064809132150394
253,5.004119877962388,5.826330955630944,0.8326355968823749,0.9248757010784218,3.7542684793160506,5.092691807821859,-1.9080448207052783,-2.561754044296187,-5.54706090803953,-6.0
254,0.8415956143972945,0.9799167403891732,0.6026626439733748,0.5826626420902178,-0.7035533868142019,-0.7873456283744723,-0.3788553081765076,-0.5109536784914492,-0.7056832239158104,-0.4515708309986729
255,4.462528002363936,5.525207889647288,0.8380320079948459,0.9757260107687915,-2.168032392128591,-3.243714595732753,4.952477167665901,6.0,-3.52980041526808,-5.441524953807286
256,3.640048826762153,3.689075125737055,0.27177538647839333,0.5231900077598379,1.1933611449147765,1.673566202845323,-0.9675045837785881,-1.3904403923244621,3.3667193568467164,4.7887434834481555
257,4.918728576423231,5.1914278202079,0.13297680496251846,0.2720155484245714,-1.2445161594744514,-1.4601709485524448,5.310090251627571,6.0,-2.32285618753232,-2.869795157148113
258,5.167180666364965,6.0,0.93391742436702,1.0,4.023127959326831,4.895904103789116,-3.7126972504977176,-4.699717681037435,-1.5473401648898961,-1.990759765759274
259,2.275428762460827,3.494239124747809,0.6102232231330776,0.6379351020487604,-2.105100678973365,-3.373600674123553,-5.142532842290034,-6.0,3.052450701270299,5.432857910093378
260,4.849486997262959,4.520922507531571,0.5580749650888669,0.7341252449791662,2.5440514010695296,2.980512956842327,5.942716562097525,6.0,-2.0653566155886836,-2.454555902918014
261,0.5737138736275456,1.4351986651317523,0.657539439076413,0.6778644355064857,4.149124001850161,5.996111346671828,-0.04370288316631754,0.4105312069933582,-1.9176825089019833,-5.772845329089703
262,2.0084014824673724,2.269607462035753,0.7957567051046491,0.996735220164733,1.5353034929335405,3.993361908334967,3.1902857800018714,5.982211382228568,3.6954105874201493,5.97852919081224
263,5.8262615042093,5.818057483021895,0.46441890167867844,0.7777602444939166,-3.190763886672589,-4.758814779903052,0.2679612389605497,0.28147384474332826,-4.572434321214212,-6.0
264,2.996321425152212,4.162557452822932,0.7505581716701727,0.9122124377031325,1.563133845846174,2.950453819656279,-3.5465950232486487,-6.0,-3.1033704013976275,-5.998309709199682
265,4.142899815718803,5.081668785450202,0.6601654237126071,0.8097661357599537,2.8518045744213807,4.5317796993690305,-2.603425173561952,-4.2702688800064434,-4.770846578701038,-6.0
266,5.699450957304463,6.0,0.9335260382336554,1.0,-5.615884462134945,-6.0,-3.843867552057632,-4.523885804761936,-3.623002719232777,-4.1968519739694745
267,1.704179714073028,1.939614934929483,0.783926732668008,0.9177363499381819,-1.6745119746598571,-3.1709145472191604,-0.8673669656542775,-2.092416306152492,-3.7184314563901015,-5.98744106819573
268,0.7999298726072843,1.6762245682998622,0.6909945785168065,0.7258124416051488,1.2492442148286127,2.9489249197347807,-3.046144608901836,-5.996986008748784,2.3115081079491393,5.976078491231505
269,4.375471711799046,6.0,0.863792945348106,0.9104541792251533,3.2580850862989794,4.7448133630685545,4.1540254508505745,6.0,4.797737742022317,6.0
270,4.764929175328106,4.8462068520532116,0.5798151075774216,0.9672896440204072,-3.7185029446521463,-6.0,-2.0881942457574207,-3.911208560198365,-3.3437024826092023,-6.0
271,1.5064808875493492,3.8376248437626788,0.35542194741907707,0.25013300522915083,-3.1534188130724776,-4.729499295293878,-5.878800749082828,-6.0,-5.443343409664902,-6.0
272,3.8905851952582045,6.0,0.7933833788438978,0.8498584931697238,2.958033044989452,4.943438639065642,0.06292450977210295,-0.046731454358544505,-3.73282818250361,-6.0
273,3.6650016030336015,4.180541250068002,0.8742670045555934,0.9889706604246189,-4.801198914060807,-6.0,-3.2484400073584614,-5.155581797987499,5.623712712094861,6.0
274,2.203144620656056,2.976962944823225,0.3325610224929153,0.38405172862432735,-4.67681797398809,-6.0,0.6308154553501155,1.2345338407078614,2.7736429341026634,4.04522949182815
275,1.5540108621057263,1.971470818228211,0.3100314820825963,0.42696019729457413,3.4590721553197925,5.967610113067867,0.6280777099348365,1.7472960917723186,-4.74054306068299,-5.977422560590534
276,4.153332144201842,6.0,0.37935102462119447,0.5766200239767703,3.2668356623008004,5.869842073209858,2.078232039204619,3.705985838732643,-1.4313722864033367,-2.7123482789629656
277,3.4596095274786656,4.014794890705361,0.21599799649485507,0.35268798111655525,-1.7230459355587842,-2.5866410587793727,2.824426200090927,4.3437743502355755,4.8101401246199735,6.0
278,3.303038985340441,3.724429194920713,0.4296598936687503,0.530374907586978,-5.976585298513443,-6.0,-4.747963763290322,-6.0,2.14185711562674,3.0941446459993376
279,1.4464260373420341,1.866109030422736,0.3998647243102571,0.5136426902691559,-0.9474090240518693,-2.2030494318437035,2.2307188725061886,5.145468315579713,-4.3826369226967685,-5.997713530818889
280,2.439639477180327,3.5958106987800145,0.9630162587142843,0.9781986196559028,-0.9672902287392455,-1.4989255726780848,-4.7213911991787025,-6.0,-5.088424773533092,-6.0
281,5.795070151717757,6.0,0.9056123536962672,1.0,-5.654986240658456,-6.0,1.030694567569571,1.2135466621658462,5.350448174066274,6.0
282,4.965081199502644,6.0,0.5750042661162721,0.9773178685020627,-1.8626869580640881,-3.4207370426045363,-2.848584716815411,-5.580127251659921,2.8399700211241465,5.700951941179807
283,1.4632260321570587,2.153033937154833,0.6998671246726766,0.7785061575787244,3.0040588591748776,5.936450734174826,-3.8782708117221105,-5.964053960433321,5.157952475422539,5.995860292690324
284,3.7711632438889566,6.0,0.9725471058080581,0.9990572274228603,-2.6236996332292923,-4.373472584298935,-0.8110340579517654,-1.461276525602089,-3.716241247081425,-5.980983811791017
285,1.1733565642838837,1.454382370350625,0.22229181001506682,0.2870618316853535,1.9436157941597725,3.2349101779041063,2.7776052785629646,3.9934552771569276,-0.3607434361379407,-0.6280587931071075
286,2.3741513350526766,3.741156571260711,0.9818240042431418,0.9973724444004249,-3.7262501915623076,-6.0,-4.8882986640897865,-6.0,1.8161594202701261,2.780218713874854
287,2.556858322060869,2.558051387037913,0.27476515888862113,0.35963025911172664,0.6053214548318611,0.8274452459127971,-2.2694726122852904,-2.6595811452111384,1.4307441381776478,1.6458705639463125
288,2.950025962309698,2.7854405260139696,0.5185258060188933,0.694884255518935,-2.4462088405489233,-2.702453369432699,-1.0137272748101007,-1.3032848328006605,1.32022372308293,1.4827246931235012
289,1.8684495934373984,2.427054093051921,0.10247289605793826,0.24145672055312284,2.166770005207353,5.525047898214768,4.253296071507704,5.971440251270521,4.073833909969758,5.985562634359961
290,1.437730493522252,1.7092877801147774,0.4463623724792399,0.5323497186229075,3.5236307276496324,5.9695501938290185,-1.1296148790207163,-1.6872090275422111,-0.8769275582202751,-1.3693248432049117
291,2.2559417203149295,4.26420388599591,0.5705638538644451,0.619320466206037,-2.6502408439448315,-5.5178032757265925,2.784634112727505,5.806599585841825,-1.6577617211743307,-3.540307590030616
292,5.344681704043373,5.867298430528408,0.7189152192743489,0.7130634576304162,1.0090322206219633,1.1559824689507834,2.3736756104365595,2.515866276381684,1.9261933861969944,2.0504766144145807
293,5.849755175506719,5.648818081340777,0.3888758829901682,0.5864499780116406,1.35008539697911,1.7340136280901584,2.327144605189045,3.0730414259458523,-5.540435878586896,-6.0
294,1.60089268971949,2.354349426959997,0.42400517935165827,0.5588027694248167,3.4689319217548418,5.994615224853611,-3.1589548948838964,-5.910512731784678,-2.7500713472186433,-5.967900092346093
295,2.0322806322262514,2.367554304094044,0.32452287996948714,0.4874932547828349,4.186608229016711,5.997513438072751,3.1202628717711627,5.99724759077413,-1.2648313737688768,-2.977632241511009
296,4.976364626742602,6.0,0.2157615080283074,0.39648439679618475,-3.4217296584937684,-5.63400819466497,-3.5352614350415323,-5.757590663262668,-4.930301967225057,-6.0
297,5.442244635901954,6.0,0.9210474231274598,0.9401010737573864,-2.9837971060889976,-3.4242249387637065,-0.37064778148352095,-0.30322604619533433,-5.7750504554896676,-6.0
298,0.6709868315661875,1.352977718098213,0.24847489768957284,0.273396456952806,-0.8009930024655612,-1.220296768066927,-3.090425640447089,-5.989452444083355,-1.6854032390795814,-3.600146535047341
299,2.596029310751649,2.0321218254151225,0.3238796373019022,0.5507846777352506,-2.7780177445901657,-5.493160478818414,5.911279547302497,5.994627082416882,-1.3041982478430154,-2.590886829134898
