,threshold_true,threshold_estimate,ndt_true,ndt_estimate,eta_true,eta_estimate,mu1_true,mu1_estimate,mu2_true,mu2_estimate,mu3_true,mu3_estimate
0,1.0303845563718306,1.0808289953333623,0.9716931343980664,0.9626931781516094,0.3337979065835506,0.1000015323159554,2.4921496346644982,2.5,-0.5725056058064237,-0.6721845257895874,0.5033665909769164,0.5577175645312087
1,1.906449435192328,1.8272454223920216,0.9107421651651318,0.9362802832179772,0.7147492770926746,0.5908680856004358,-0.5814663018311461,-0.5882101207892453,-0.4250915191266036,-0.3301391009664901,1.2710138198702108,1.1474626588390606
2,1.7261918681661583,1.7495872901800549,0.7946762376482963,0.7990022879039073,0.5202504680197609,0.6651412634582177,-2.3477751025537765,-2.4243360029308354,0.8626186580946194,0.8339138031154805,-0.6441128119309703,-0.6758821463800688
3,1.4273003663358528,1.495966732086034,0.581591558926571,0.5865915727899381,0.7947401480217144,0.8795381710547732,-0.9765498905574754,-1.043910281477383,0.5031477397532158,0.45948306212873,1.797134144767493,1.953026273645592
4,1.9511155012041288,2.265952104475968,0.6735393010631706,0.6433057722718277,0.713092545470399,0.9877416092261536,1.9624088349880608,2.225956412667225,1.834604034276684,1.9700718028763584,0.8887783803468169,1.0242797840879558
5,1.0581489859139055,1.002694149740578,0.4953960979788314,0.4985901368809323,0.8944728760471143,0.397454474122409,0.4607623919872894,0.4283679345326546,-1.6209803951973003,-1.4640905743130157,-0.7702885915781166,-0.871624353667281
6,1.7193549234541643,1.715454543637867,0.2607975404985526,0.26979803413656,0.2228448054753741,0.2063157480700572,-0.9413732766094156,-0.920709369800034,0.6102748039195571,0.6437414680137472,-1.5937787233907297,-1.6876969006425315
7,1.0044059574232969,1.0013220911571097,0.5757854405937083,0.5792919936650187,0.1722923789679602,0.1000027637768458,-1.4911132611262183,-1.47424162764559,0.4741543480800086,0.324434731863268,-1.681723414321799,-1.6477393828488194
8,1.623228897949992,1.5506579931711886,0.2539791533578756,0.2709791165673366,0.6246136127062706,0.4188037246077488,-2.36706984194864,-2.2508199282983377,-0.5429879708503493,-0.4319228524658009,-0.7661324800837382,-0.8103876683362337
9,1.29471610495313,1.293573238711888,0.3123395869368685,0.3183395743608905,0.244670670364735,0.1000013316181457,-1.2999534575823013,-1.2532047101051178,0.5845432561057767,0.6638047533341873,-2.122929158303892,-2.145769572799459
10,1.855571548511936,1.812891079584883,0.4765661682402027,0.503566186981524,0.455132480996864,0.4078305098944959,-2.089670795086704,-2.081497640356919,0.4268124583077748,0.4676919894899651,-0.5025380879129815,-0.494810035156675
11,1.5697300370901994,1.6139654493566389,0.5877303257874784,0.5877329999556702,0.2942376554415007,0.2373168049871442,0.2147334528974981,0.2097024291502941,1.973039223306552,2.0059353317987263,-0.3280700607716558,-0.3258745787376854
12,1.556551954242548,1.625521109679492,0.6852008686678774,0.678956866499119,0.1987297630098334,0.1,-1.1800733420947256,-1.1813029772585866,-1.8941142419188013,-1.885441147342244,0.1596310476096551,0.1685695072204661
13,1.7035330174045868,1.826924328198553,0.290567379949275,0.2654148085280774,0.494996651969689,0.5621759071999649,0.8965630668207752,0.8664273529912437,-1.352249306793638,-1.4734180818970248,-0.9858118056045512,-1.0085103810600209
14,1.627949837204227,1.713041217602552,0.816546968607531,0.8141410062126576,0.6973412438519979,0.9201081019985806,0.7412537488038201,0.8552947186502359,-1.1624664951796655,-1.3449830033717411,-1.1812924132616949,-1.2908676289546512
15,2.1924599403521188,2.1170288056656528,0.1635870616138532,0.1745869994493044,0.4031931471885006,0.3794993229444655,-1.4137970272672025,-1.3502112132079178,2.245821021777316,2.14923925938354,-0.1626483416993157,-0.1819053576408423
16,1.899371886976408,1.8942671382379903,0.6552758468599676,0.670207980368317,0.1891734362695494,0.1,1.2496172748594132,1.1859104450295923,-0.4533037392661748,-0.4741792833028902,-2.190782753820519,-2.1970995096035817
17,2.129262249645538,2.280011103434946,0.6671002172234675,0.6365052346512204,0.2740274380975422,0.3898737189936256,-2.394446491549824,-2.362658065318852,-2.0118142487755994,-2.0488943556221466,2.365559167984276,2.436340776160528
18,1.6422030348182874,1.651366567959922,0.700784616527886,0.7197175150403818,0.1968075367624532,0.2800279853020326,-1.2341847029784847,-1.2452621768254426,1.0026008704304172,1.0629712362262682,-1.7271854414208088,-1.8547257423969707
19,2.5935262451709056,2.6042795394103506,0.361029435432804,0.3436575255319975,0.6067810662856039,0.4594198687931489,1.9623283565715377,1.972662542331819,-1.0242808666501269,-1.054414608788904,0.8176252312329713,0.775799820494704
20,1.005732961634412,1.019987338519893,0.5047677466334837,0.5130783084693354,0.3241631856261017,0.1,-2.2117010738719003,-2.129549008000831,2.388295813013224,2.5,0.2946442387091036,0.4237443054090737
21,2.2323821611499834,2.494211762565097,0.1800654251183954,0.1862198857170307,0.4838477567932916,0.7513942914501401,0.9515962332305922,1.0474842542382432,1.9135727192582364,2.210030825205841,0.3250845931763707,0.3309353549710608
22,2.3696437723783856,2.457745997344912,0.4781362375630563,0.4930401012092912,0.5024207465962552,0.6501562740862571,0.286521587719043,0.3179326395633627,0.0634308079443413,0.1156725652795329,-1.913249241190116,-1.925661430561292
23,1.562327570387626,1.6194722918180902,0.1266243564769651,0.1300018720787824,0.9031853751347246,0.9720038627366128,0.5640913369984196,0.5909476910882737,-0.2237126068958267,-0.3005125751599631,2.32388520579581,2.5
24,2.071693352298966,2.0523864031844408,0.8773112061967528,0.8730513695615381,0.4804760207869409,0.5313438497465535,-1.3370690912230927,-1.2816610235996286,-1.8590256164024344,-1.8192250101124643,-2.436347789001026,-2.4460524931175103
25,2.826956135115576,2.9123670722567683,0.3119347197370836,0.3081444008574624,0.3732900429030475,0.3898972300388256,-1.842995914716337,-1.8536300032903523,0.7126688130500247,0.7471848003358135,-2.362738358335584,-2.4553673545331387
26,2.3522694643757607,2.2373650037488044,0.6553250858498296,0.69932586766512,0.7871157036663842,0.7099489878409366,0.0542521202222756,0.0526033931308942,-1.6376542276662442,-1.5874552688846393,-0.0774792161610127,0.0378378280369864
27,1.3930257915642033,1.380540984115488,0.3635819606892141,0.3695057951246325,0.5704021042422939,0.69160864078154,1.9478385118246109,1.9685953826061235,2.364355669878257,2.499940362409279,0.0364076185846862,0.0329049770427716
28,2.93054923985642,2.941726222587026,0.8928103379211435,0.9071862724976694,0.9379014601977488,1.0,1.6945007305157849,1.7644320421373498,-2.00505519182423,-1.9956155814625407,0.7191873064491472,0.7874021282373513
29,1.881414453599442,2.119183793993905,0.5535390758697277,0.518954859558062,0.9025055659618468,1.0,1.5856913686281886,1.7410557386563903,-0.8281198358703934,-0.7351526546085609,-2.154957222649422,-2.332538195952316
30,1.350148704515611,1.4208196615652282,0.5676108742162191,0.5568446124330706,0.9342789073483404,1.0,0.1996666011364073,0.0292059928646731,2.208758565504849,2.2392773258096983,-2.418284008851073,-2.4776545350868826
31,2.9959339302926304,2.8482668741330897,0.777970740999402,0.8181600116199712,0.8601125938271145,0.8246106019728837,-2.3431380857582367,-2.3446374186959584,1.4251863943155811,1.4638291314557308,-0.2769753672372371,-0.329351405897694
32,2.168758653392948,2.264329906441028,0.9238247431647004,0.9202378498139124,0.6681767508419372,0.8050890016964136,1.7549788416211742,1.8073269401897665,-2.446759089464177,-2.5,-2.4649134863190647,-2.5
33,2.6202292983672857,2.5719092665347456,0.7740769269558386,0.7751366759798222,0.6151132115062508,0.5685252914690738,0.0460586481519759,0.046869326719266,-1.5230707062198878,-1.4034813852290036,-2.1261553582502044,-2.0401831025272443
34,1.2990834708930608,1.2740308362774535,0.4597995426093513,0.4735290982686655,0.1007548203142311,0.1,1.8747550289098407,2.0120940723311738,2.3845938728602194,2.3085150267181564,0.1410960507233327,0.1870381488509172
35,1.997011627534807,1.957471835475604,0.6337677176594272,0.6267165606158431,0.4048317896331508,0.100003982901033,0.0923489147023143,0.0215549895219308,1.271173466791811,1.1333240056889506,1.4833899906265828,1.3074426560655097
36,2.128422020678538,2.267184436619707,0.2007865620811133,0.1847860021943809,0.3868576831224656,0.4766185540537873,-1.8653476655261791,-1.857516996516123,-0.7480031140051535,-0.8191845650115104,-0.2719450813159285,-0.2729669439003236
37,2.602954076301362,2.4817867030784964,0.9011893591032276,0.9386937165260943,0.5450389343733522,0.5557728979063941,2.4868707075679675,2.5,1.934031534307804,2.002522232724905,-0.953991341502876,-0.9740564275473732
38,1.3417546902491428,1.344537668550735,0.6092023827418157,0.616203442061129,0.1218401104257766,0.1001958447348126,1.0684011224732826,1.0551422510085704,-2.3686755058246507,-2.4089114459026697,-1.098091707488913,-1.0713678268833928
39,1.7484731820849544,1.8749625890095725,0.4839954978174903,0.4776043074621575,0.4662279506886537,0.6414400809975888,2.4079665505447783,2.4437247889384017,-2.3322891977835862,-2.5,-2.3644409663950894,-2.5
40,2.7134759292306105,2.617286999144562,0.4785955146166465,0.4898287793831767,0.9681081762660688,0.8735830981207588,1.208215291478743,1.0960040328778555,2.1554661887147764,1.9365145352783872,1.3578080969140471,1.2642662956052608
41,1.0958913972715805,1.1367764075969864,0.895842631748658,0.8919792789646236,0.8737321340528131,1.0,-0.0161101927752899,-0.1451335523292954,0.204851222759746,0.2010300956833501,-1.1848822590454555,-1.160835060500937
42,2.6144706961096364,2.7556312269878007,0.4915387204124139,0.5097341729736697,0.7827653242568539,0.9093881136526252,1.9643520740222031,2.012895347595662,0.8189637184845105,0.9276659701318224,-0.1205429928042073,-0.0163786830411064
43,1.3204254637968034,1.236257402349603,0.7775467162700453,0.7908966223522,0.6340694886225061,0.1,-0.2750088153395225,-0.2613630750888774,0.7369591864835934,0.7752368099718853,2.262431076880838,2.311836613817404
44,1.963699940829305,1.9279428267879493,0.360921856066457,0.3591872168065782,0.2393339392332615,0.1,0.9908410821041768,0.8853446525562515,1.8646966535617373,1.840632929626207,-0.19867095255922,-0.2050218221932412
45,2.6986524742015323,2.6223235587174987,0.1269165189297703,0.1092589505482518,0.984125244749934,0.8045666151909222,-0.1477185572413986,-0.0695557156636038,-1.5162917128337017,-1.4509706568777243,-1.4371175554900035,-1.3319596139767893
46,2.7645956872350275,3.0,0.5431347625964059,0.5495598818536307,0.5378242585728099,0.8259408216981898,1.6313316893716605,1.773325625325621,1.8417745057942407,2.0612623221580177,2.09733217421582,2.263415243318036
47,2.860457628562105,2.5758187578194582,0.3513275778336071,0.4086975637000434,0.3815307025496808,0.1,1.6232718350799635,1.5092963163423434,0.1006191533604144,0.092964224905942,1.6540326051171703,1.542661202651277
48,2.5567024596382733,2.848406781955879,0.3758950996517478,0.3392158559089341,0.7405989589727584,0.9000816554497075,-0.6304869967025933,-0.584822816030358,-1.816687470982186,-1.919531125393948,-0.6829314324989316,-0.7431978190467099
49,2.4864950338119622,2.4110058710334745,0.1909741196159868,0.197306639562988,0.4527160209726882,0.1,-2.2967836233796133,-2.1389774621475555,0.9971380132615464,0.9880462618643292,0.899201332053271,0.8013701490515053
50,1.7556454875557903,1.7509035177104877,0.1077238411938402,0.124772082699411,0.4814936184161246,0.2796899720456726,-2.4784323447042533,-2.479986913257921,1.0837455947720442,1.1446306422746986,-1.2260354775913684,-1.2484427527165631
51,1.7446877761094135,1.7288588429709868,0.5843668495886873,0.6031453419155941,0.6697652932778843,0.577667930494819,0.839174985903744,0.9409136239697364,-0.8827364282568778,-0.9341175463562348,1.1331407536800986,1.0918388028863426
52,1.2675858823118384,1.4553468446697653,0.43678246778379,0.4174559812733068,0.2922673094759041,0.8251154677864723,-1.597756869403955,-1.8800626499070243,1.6447976093882533,1.811189090595996,-0.6691387646126068,-0.7316356976007785
53,2.8604670711913647,3.0,0.6050927110969632,0.5882671907850716,0.6991932774634194,0.6379028859636041,-1.4454859297449292,-1.2981520465668384,1.4489039415880138,1.4068789689885213,1.2919428874930277,1.3293526081264058
54,1.1970535902117705,1.2621372102277235,0.2319658359660367,0.233119104373807,0.1575281918262893,0.7004397985341861,-2.2888251596273235,-2.287621387125112,2.251156818843385,2.380378937866206,0.3003522394768299,0.3006430513684447
55,1.867640839917409,1.9489798236070088,0.3709443368128187,0.3537248015219874,0.7112548992012429,0.6654834238569121,2.4936358116617026,2.5,0.1407890987104659,0.138496820813065,2.401210893340127,2.3013171049878944
56,1.1540556160783095,1.1630373497525408,0.7913050764293801,0.7923050786674748,0.3311969814649115,0.332262232937852,-1.630902690741514,-1.675142249980084,2.479149773295248,2.484168740454611,0.4629641850612753,0.4429472034740522
57,1.1297536828308423,1.063970145645501,0.6620886220941834,0.6684556904192442,0.91955242151686,0.6149851297188674,-1.9909487034541615,-1.9510132662804176,0.2484861945410432,0.1716752279720164,-2.4519218046123124,-2.4178332988705726
58,1.284764387793726,1.4905266651121614,0.7850334937838033,0.7710337083958341,0.4588503590521903,1.0,-1.2817973005841066,-1.465342121183022,0.0964388295024809,-0.0566615138791133,1.5361646114917598,1.877460765448942
59,1.504178507765682,1.535807308361849,0.9459523458611916,0.9559523838359316,0.6758625628774266,0.7786528201222498,-1.8256191138440736,-1.8492997190619884,-0.0447785940030359,0.0038643054951949,-0.4035781606328575,-0.4379764805805812
60,1.8890245013918152,2.100330854833432,0.7531367723832711,0.7036831198965612,0.1725691806597951,0.1000003055118329,-0.7853430826326935,-0.8401777742632459,-1.65673286655952,-1.654584023609832,-2.233926767056868,-2.2721703876780666
61,2.680717115238625,2.9393258720496664,0.8042067474341602,0.8075569090925024,0.3781837167959803,0.5893561137273783,2.224596215092751,2.444497541205544,-0.2470254344333677,-0.2884606029447279,0.532940447162078,0.5797608073015621
62,2.632689847118619,2.475676105346025,0.4337587914318215,0.4411302987814477,0.973659239038862,0.7536195145073249,-2.159276005944863,-1.989257362426036,1.0634344754533689,0.9927660604667484,2.3224604623157057,2.0908294530742078
63,2.1333331054925138,2.186555188422248,0.7074697466357829,0.7044689754549971,0.3051917522944116,0.3867896755241714,-0.2853529485993655,-0.29630451488409,-1.2447526715118118,-1.2990293879431107,0.8529276927947893,0.9132039250326984
64,1.3259192884664934,1.2998940536470929,0.6447295371692146,0.6507294864351386,0.8050089053636751,0.7232560851951373,-2.1442878146837163,-2.0491777781107654,-0.9674211766669194,-0.9637452307901032,1.6401995587920914,1.6063576762622307
65,1.4806307187430203,1.545951354708623,0.2945465611200191,0.2975490991783619,0.236181954483363,0.1000012095738697,0.827493526983894,0.824162450389438,1.858465111939343,1.9596352570573443,-0.6922519778894215,-0.8055833165720585
66,2.1555775089797824,2.0659245391904624,0.8263848374490551,0.8440382469876506,0.7963854461582276,0.670793309577958,-1.1511763156879218,-1.2278139836389517,-1.8909440816355167,-1.7895965453498457,0.5012243290897928,0.5613753046714816
67,1.2186063293314209,1.2198658539416851,0.95772103662896,0.956716964400056,0.2984525560894815,0.100001288289527,0.6930170237618527,0.6173179903298935,0.9983806623834168,1.0326492059947283,-0.9519724539636116,-0.9783920064397552
68,1.2814481216725817,1.3024143794136598,0.3241090804664454,0.3271090821381557,0.6572041242210516,0.734999817850551,-0.2822498856529221,-0.1424879582471176,1.0728719344469702,1.1297943208598653,2.3097891700702364,2.263601558786517
69,1.049982545252533,1.0767924247658147,0.1655193015811871,0.1682598188234779,0.8757528877661909,0.9999986401299972,-1.164668396254716,-1.217379413093255,-1.0328413710440136,-1.1579557008393908,0.8930114745768947,1.020454284753657
70,1.5517461513519126,1.575161699271643,0.8872989624129985,0.8715415316030963,0.2241455514849381,0.1,2.250230083145293,2.0837325949912824,-0.0371482952077789,-0.0294393493498417,2.017050712067781,1.8391340914235368
71,2.0451056368853697,2.103934359887207,0.8374385363244747,0.8521520244177717,0.4221271943219583,0.47947776436172,2.399785825592704,2.4702840958631263,-0.502151860381565,-0.5023912159984104,0.3822355477059619,0.508150037886982
72,1.3375685263784498,1.328880590166927,0.2288618840636658,0.2322284258656003,0.24492521999973,0.3297676552899807,1.6388488668178105,1.6536228006984357,0.1379518300478327,0.0884721847824832,2.337383700544655,2.3610931878026378
73,1.3556709570936756,1.417846237342934,0.2468288194322502,0.2563140786559933,0.6821524734965889,0.9904335128378848,2.2231476701230197,2.433031479064659,-0.8653880900814803,-0.9119512222933468,1.5709480423388849,1.803780769301612
74,2.1459023525272523,2.212561092852006,0.8034318654084697,0.7864338014171314,0.7615571992933646,0.7580013763496217,-0.0623084945631174,0.0054480946620526,1.6430292725352358,1.6279855425881111,-0.7640845528340923,-0.6737487972244804
75,1.87041375443108,2.019951202158905,0.7763110357240357,0.7519034603662212,0.2412743670388726,0.1,1.5375907370822055,1.4188536037152666,1.8720710305563544,2.007191126928378,1.5800742458731698,1.6413681122135244
76,2.5879046831599752,2.9399497452026315,0.8732113309011168,0.8125994003851338,0.5120602943613276,0.7106415031908833,-0.064778776133153,-0.2074448888745343,1.7523330611436183,1.8339067101078423,2.3784122776062597,2.5
77,2.375241161487053,2.438670319357193,0.6837660912925326,0.7049662647780488,0.7892831093063676,0.949357312467266,-0.1347873734448257,-0.1228653933295638,0.8894269620968315,1.0332618131559497,-1.462568960302149,-1.5388980111334276
78,2.1997472603682877,2.160656777313318,0.3561821632105563,0.3757587405354904,0.2374460716457202,0.1290860163469271,-1.0082402224485276,-1.0006103063974736,-2.389014049776476,-2.3817994427363924,-0.4651275335902016,-0.3761549781145817
79,1.9522923504783405,1.97466310756205,0.6373725194778604,0.6303912062762271,0.8212636340079108,0.8958090428047603,1.3892056312619854,1.4359800467152004,1.0867306659387417,1.0801992168430383,-1.0133537175456753,-0.9974020328180562
80,2.220313258625035,2.4173806618869103,0.9860383855994076,0.968038524004723,0.4579645846862861,0.6015659675318259,0.7873006665254872,0.8968113744411391,-0.0742802148602284,-0.0441583069430811,-0.7359628896955683,-0.798730241295677
81,1.614388143668788,1.661560786628301,0.3902193175298923,0.3965911787726125,0.7842643616019249,0.9426786218210976,1.4805066390120147,1.4219954490866984,0.6204359596688092,0.5987035303799325,2.209103099523648,2.2000669412835587
82,1.8787147034603893,1.8352358456072837,0.8820019313975177,0.895240613655404,0.988785901814669,0.8990211269669367,1.9506214498234424,1.9411067784067293,0.1772798180850576,0.2383957960146307,2.442780756093246,2.5
83,2.760046054057001,2.7358753489256165,0.983620105345583,0.9920509491320978,0.6894759020639821,0.7231981053807677,0.0631161773545863,-0.0051123902861843,-2.24632931099537,-2.1612824616571453,2.0988215660989056,2.105128063608864
84,1.4835587646816404,1.4766173898460693,0.5217606167504109,0.5286870664207615,0.5489391252657836,0.5152325777825189,-2.229670785874562,-2.1563240507774664,-0.0347242827752214,-0.0661398479003377,-2.2590485472833044,-2.2509495105421524
85,1.0719361442387612,1.1184961541977654,0.1222417025506236,0.1136228980566076,0.4259981042361631,0.1,-1.1124016767942764,-1.0890467367349872,0.4929275782588382,0.4645977503482569,2.2926519609119693,2.2182240991366298
86,1.4177668615448622,1.4764851504365046,0.8152901214848289,0.8220400294075086,0.262419897026715,0.5071060498937581,-1.3079962142559038,-1.4052247430796532,-1.0814950194163124,-1.1838120859366372,-1.983861191800227,-2.035792919545942
87,1.3603494107264722,1.417091374064889,0.8659220916230194,0.8644956175558252,0.4778364615202574,0.7533097869609723,-2.496034119532488,-2.5,-2.001352244338505,-2.035819042277761,1.3428539133544226,1.3805905096432505
88,1.283770642446398,1.384703681776557,0.2405328569211255,0.2286971396451435,0.9306647281517862,0.977210354715367,-0.2537338330867877,-0.1246320686678619,1.1566401697092537,1.2503361930831025,-2.1698554931296927,-2.255172712587181
89,1.6015276594415953,1.6651877958633947,0.8198071933720811,0.8008072358096149,0.2191256133588297,0.1,-1.0282459008970055,-0.9929558008551232,-0.9393862383563324,-0.9258279192711822,-1.1504892503816044,-1.0022908304511635
90,2.487511631807328,2.6977491687306867,0.4525844824341142,0.4502115859130288,0.3082483619237746,0.5588978063675303,-1.6667310889815137,-1.811150581419323,-0.7457041209771237,-0.8595471995642664,1.8260087533002636,2.030845204909989
91,2.8848948975791613,3.0,0.421562118335294,0.4730964273887776,0.7657800146940029,0.953445006639501,0.0834135524969864,0.0622888087144563,1.6196133117453348,1.744967245151021,0.731106791081132,0.799619693115897
92,1.3391480723252476,1.2872694332598638,0.3957542116739634,0.4037541450499243,0.956217675440522,0.7665343650119261,2.133849054034724,2.057426123139286,0.9274655349866,0.9097644061126948,-0.1334486912008597,-0.2471770149334808
93,1.9901882905463852,1.760668392972443,0.5432266242921061,0.568227433665969,0.9162070149379008,0.683967964432376,2.1867893252503867,2.008832792916993,0.5198292814334954,0.48378835227058,-0.7245200304222971,-0.5833020619018616
94,2.807332254520865,2.747629966072477,0.734009219860009,0.7250925171986811,0.6273668658015142,0.5337889854099367,-1.0955874581894791,-1.0334607863397127,1.6455537233820206,1.5678727635750755,1.610941258425203,1.592592337944411
95,1.251113156345542,1.3000394844295615,0.6117096978758191,0.6121954099628966,0.7027597359418896,0.7770057297529451,0.5429222952375989,0.5005352597773205,1.7014348436387388,1.911060593921436,-0.8211888068626944,-0.8694125768350423
96,2.552527108951585,2.6452441362764536,0.973634808336236,0.9867124104655112,0.5192063835825054,0.6525006707018473,-1.4795679070901673,-1.5546063330915525,-2.168784618970398,-2.229132398522225,-0.0088893321336974,-0.133644148272888
97,1.4576430479722782,1.441913664825269,0.9119526686558544,0.9230276266985132,0.991877712859726,1.0,-0.2288651526664192,-0.2790420695979165,0.2069575417116093,0.3248248172979353,1.339957326516243,1.535225590365372
98,1.8124323046248607,2.0132367939054765,0.7832533153137654,0.7550267766419484,0.3320831722135004,0.6105847648643792,1.1895994424395444,1.1208038994785734,-1.4848611151798212,-1.5973637857742309,2.436607246322548,2.5
99,2.881034872409832,2.865432910441287,0.2274057436063011,0.2115558102925471,0.4810044577843467,0.3916560381976095,1.2180167733597091,1.2160654921779743,-0.0854535889595986,-0.0888369306989124,2.227833014758489,2.122356908222807
100,2.7156459446916785,2.825029628764136,0.2747829816800892,0.2888914246230476,0.7520013180661823,0.9196107352475524,-1.894056531056296,-2.1482831410304315,-1.0076145264706635,-1.0338900383324314,1.5284002518077249,1.6027312592474208
101,2.764580660848461,2.5492694844078136,0.1890080707043442,0.2495575808514149,0.604658525506017,0.4750960202152048,-1.185094521869086,-1.1350442746331582,-1.0539076079686889,-0.9769079207097634,1.4981772184762732,1.3907192607666037
102,2.4824880823593363,2.471014643147327,0.1474442764855793,0.1550347823085761,0.7108530958905813,0.6966697761724294,-0.821465369075074,-0.9089293201635996,1.4717648868910194,1.435263130325784,0.0868262080602622,0.1355523146311203
103,2.699576590845952,2.72643010978626,0.7017298180166439,0.6942370432737515,0.5674427357311987,0.6294298647318808,1.6990361534895082,1.7289290384462432,-0.6077880633960209,-0.5380936821217328,-1.2584978892905505,-1.3551879581292905
104,1.0712688754460724,1.067994098588583,0.2394117849870878,0.2424543611196735,0.2678522204513864,0.1,0.1806595566899815,0.1876929740934674,0.9670342251801288,0.815852756150505,1.7222182032211202,1.695818965230109
105,2.4408502848373925,2.333655211342892,0.1558543403998868,0.1893022756357535,0.7032713230484701,0.7718510813494129,-1.964523834209826,-1.9737137393701365,-1.5515750906807797,-1.6448092370539118,-1.9724390742884648,-2.014325406369367
106,1.4147024313827237,1.3348661588805193,0.4015429263576314,0.4185428805060993,0.9876085442708676,0.8068991988377752,-0.2422932658738835,-0.254078312843611,-1.034949348961408,-0.9205149422061896,1.8217133071135128,1.8086479564459144
107,2.92047809042466,3.0,0.6522033550984925,0.6135199038207082,0.1699080289349595,0.1000080576679598,-0.4149567771816725,-0.4310118173521877,-0.248824268002763,-0.2503656609217108,2.0509679013044773,2.0117891423627
108,2.2950991857115968,2.283911531775648,0.2388326506757361,0.2217454398049914,0.5811595774836107,0.4325082943013956,1.976792046438569,1.8420825336512088,-0.2623023043082134,-0.2253521416029278,0.6130998303998403,0.5063572957736242
109,2.399825498981489,2.275391299289421,0.1714840968330894,0.223633962946922,0.305361596060437,0.1,-1.95315122587628,-1.9055158728581063,1.4487306983185655,1.530478256244479,-1.109746206781892,-1.1830882326423564
110,1.3430428301403468,1.385673752272598,0.428101066773974,0.4471010824175768,0.4009729499186092,0.7405431722699208,-0.1209956646979809,-0.1583117164061993,-0.2000945426048894,-0.1961796501443981,-0.083887548844731,-0.1140138507676399
111,2.957716540776324,3.0,0.3599714166239492,0.3555164410741673,0.5538383371630026,0.5179951978521535,0.3435637825114068,0.4202847055661121,-1.022113484131726,-1.0708424640292475,-2.188246516346485,-2.1885787920434656
112,1.3978416737255044,1.4619850279564508,0.9921759159554884,0.9911182906094588,0.5774390223343917,0.8032669346753627,-2.394531168283234,-2.3442223764721843,-1.0273690156062287,-1.260887197496409,2.140255374781961,2.204220959047565
113,2.048383230639688,2.145537912002939,0.8063869027004776,0.7952420111393829,0.9784939936956488,1.0,-2.1522969729742645,-2.1063080353433765,1.0322265484102633,1.0242370612213612,0.8659844207906897,0.8887991458015574
114,1.3631463660515446,1.3867730595184216,0.2916267566419386,0.2913521342956972,0.3539843867416182,0.2864201227376416,-1.6962683705892811,-1.6842752076438183,-0.8802218793430161,-0.8443156620786292,-2.07739491709194,-2.0027499057761693
115,1.1719033376201646,1.2008052019323712,0.5242136304386595,0.5222878217368632,0.3554305451124265,0.1000001655740568,-0.1961408213210769,-0.1900930244161976,2.2967682628396915,2.272879194478258,-1.0197519098668777,-0.9741605729707672
116,2.7500301006410206,2.823961825558546,0.1455924515383274,0.1358467597882835,0.4007913479200423,0.3921824921113943,2.05253158463826,2.0742291946928537,-2.2321429764377494,-2.1957199115279886,-1.119203289056141,-1.1575237673044954
117,1.850124587530195,1.9488550571634184,0.4190009593781505,0.4072526210748693,0.5233244572574406,0.6416842146630325,0.1764671614082036,0.1224135438520873,0.903457133986328,0.8453340969808116,-1.9889453458363529,-2.0209949387785677
118,1.305329482756662,1.3263204746144446,0.5582339343553798,0.5630951833735571,0.3033041277950067,0.2715796509833782,-2.111741445916429,-2.2466277871145817,2.431735903526257,2.5,-2.1297115795131214,-2.235311206629226
119,2.590746532836152,2.720594983318343,0.2424867890718095,0.262877426456676,0.5915326719430289,0.7552950245959832,-0.3051027322146077,-0.2675373818692649,-1.5767691173778364,-1.740777434458198,-0.2113864854609992,-0.1346604730473155
120,2.1255230326387777,2.2284532558765733,0.3046927836837884,0.2648901136159479,0.5875762949765605,0.6244820826421662,-1.562573556321187,-1.5114773708229592,-0.3792092103877076,-0.4070997798534285,-1.3923715312328029,-1.3063967338266396
121,2.7004347280891947,2.7921959097315376,0.7097838171376941,0.6870965388528227,0.5405216119793135,0.5994677368340018,-2.238996011824746,-2.1798147752506605,-2.219566136035588,-2.2328443408108547,-0.4471888397646617,-0.3838992027014217
122,1.8233538096253703,1.905239159547581,0.6655048351780833,0.6688326892556143,0.9386000285078652,1.0,-0.9632440257356416,-0.9730692177231222,0.2641463991397719,0.3627085172106362,2.012725310504573,1.985456827232564
123,2.0093603264022115,1.894224162611712,0.8587701075511542,0.8726946648946728,0.7844714221775049,0.594493602660651,2.4392094956163453,2.293334954272317,0.1820717873414268,0.1905471199536557,-0.7380832554000849,-0.6742230114219724
124,1.057389662597411,1.0939877895447985,0.7577092288631333,0.7567477482064555,0.7502593310424809,1.0,1.9146952255293848,2.046026688450219,-1.3081130962604115,-1.3280710864089775,-0.9130810112476406,-1.0060025590706447
125,1.9033714252729284,1.9285309786037952,0.1258327741562998,0.1264420998841073,0.1677068606595201,0.1,-0.6466813189678577,-0.6244793151356762,-2.370815594662352,-2.336073651815359,-1.7891401266244582,-1.764844027130823
126,1.9700466011481084,2.1292823023133254,0.3833233755124841,0.3607139451885347,0.716155786371795,0.8483038212794602,0.507495872780746,0.6217591281553545,-2.3160819782907343,-2.4884781568542147,2.269660919495492,2.314325685780689
127,1.131193930963455,1.170021021185638,0.7434483132741572,0.7429853308665433,0.9181694403797308,1.0,-0.1849164207819026,-0.5020121541894831,-1.0611780782640512,-1.1885141324753457,-1.3939523039761204,-1.454051513583149
128,1.5290397661931066,1.4382378032382042,0.1763641129504264,0.1903642380909712,0.9762605893229496,0.7357969847835906,0.069633692088718,0.0847237009107095,-2.1980759111051245,-2.1817798580808967,-0.1002994080673352,0.0598616004969295
129,1.6210751263232956,1.6370331540240517,0.8976904798938736,0.8886976173416945,0.3341379824009785,0.2686382697538603,1.3724584936738329,1.430094369455654,-1.6224977283814013,-1.618696568978772,-0.4219276341847283,-0.4085922470485797
130,1.4746914926805603,1.5293497002596823,0.5114058818512726,0.5187748610124234,0.9545576437517436,1.0,2.0014626483151865,2.166075773113735,1.5226915262845258,1.6794679414741274,1.3117044535662243,1.4541020192644334
131,1.301348708206852,1.3536378040581876,0.1881830539625264,0.1841838031790042,0.2045086657548768,0.1,-2.1581381820969243,-2.097270054225538,-1.099582950059212,-1.0494217361964746,-0.2672504999413655,-0.2228053663925493
132,1.3126363403452506,1.1457019255312435,0.7592638402660337,0.7711241796831358,0.9766696191264016,0.2851640596611954,1.3506144056879892,1.0243600598182652,-0.2480665150272559,-0.2232340420079446,2.205230698048244,1.91020041343682
133,2.2223487168076863,2.3372817303321263,0.4296685743488511,0.4285195693612011,0.8870312668642226,1.0,2.0374268286194592,2.151613158027089,1.5010803379566906,1.5813672653630693,-0.6387581665964503,-0.7201287304744145
134,2.0241554881147144,2.183117915846948,0.4288324089627096,0.4072086028341126,0.2714334398084443,0.3738836402624556,-1.872055834737196,-1.912754415090308,1.1328809412393053,1.2468195097109112,-1.9044944721505164,-2.047724335950277
135,2.606184209013927,2.330526329096336,0.5846245809885826,0.5847563239555021,0.8866088127532002,0.4817666610934705,-2.33625875503672,-1.9633566155676043,-1.7485181795653777,-1.5056631505860296,-2.3548673832719667,-2.0968584435083217
136,1.4480293062112228,1.4367233505344124,0.4007018724369949,0.3937018239479619,0.5954161787675175,0.1975130474683235,-1.9374137031302765,-1.7220448186223472,0.9789818797893328,0.8806293320975156,-1.654576935437691,-1.501234980630031
137,1.8164664224075469,1.984777672791116,0.4768321741132471,0.4790073333036486,0.3333495521265361,0.5600422869091323,-0.1000240186113499,-0.132148544879399,1.601355470860505,1.71759214257355,-1.0533014412701065,-1.272077141500097
138,2.845616756071286,3.0,0.6497672336933433,0.6152829506659481,0.4074416728203788,0.4445370473865511,-1.5794591644129197,-1.6496614685906408,-2.392904328813352,-2.401594163273364,-0.2353800547335155,-0.2171803759843969
139,2.9452933310453915,2.8905075907392983,0.1021716371503662,0.1,0.5426616641536456,0.4497460752684232,-1.9397166651434132,-1.894515353294736,-0.4697677316376675,-0.4235854459373026,1.217763748063356,1.156311094465862
140,2.826793749224959,2.3249295324473733,0.4471848405731889,0.5113456278070931,0.9349426389599236,0.6690796512262522,-1.6364083064673496,-1.4999444591393922,-1.5117217298015273,-1.3946169866217044,-2.102067451587061,-1.7619472339278073
141,1.2638772899674624,1.2741241713421556,0.2459054079275946,0.2618639294302818,0.431586881286547,0.4889823016009028,2.308622748038491,2.3509930129850822,-0.6234285933301575,-0.7010842400481188,-2.213034469358333,-2.226235664906083
142,2.8977056376400285,2.94852449630051,0.631751256608515,0.6219420008867469,0.5874335061228803,0.5935479482599173,2.2411200818804526,2.147308552939066,-2.4857064789774617,-2.452362324461649,-0.9691400578409816,-0.90825177982757
143,2.128700108529798,2.1326987735905165,0.8826033146326222,0.8963487631664415,0.6191084269754547,0.6616429007468626,1.2697173394971537,1.29175538434575,-0.2949075450584998,-0.2904646030583735,-1.906615747340565,-1.9665337779354843
144,1.3642854775173368,1.4551381473919909,0.3280207995893685,0.3370205413089832,0.2412244948110152,0.6220435481714266,0.7798858363505762,0.7578952804418735,-1.7431018543490695,-2.019684070106069,1.4575908299661262,1.501030369726252
145,1.6472553324021697,1.6348598178979985,0.9535994189388104,0.9605893686050304,0.9888515125415748,1.0,0.8390404242352417,0.880323619608644,-0.1551732647619702,-0.1929731035642042,-1.068967420124058,-1.0138614962194286
146,2.5330104589586933,2.485040415970158,0.3456047007189187,0.3530175128861382,0.8690426981685587,0.8214286026798457,-0.6823473168389432,-0.6474437720109005,-0.6388942716424695,-0.5146048396584444,-1.6305640644255508,-1.591279449347062
147,2.7741654913048848,2.788963153344341,0.8157268678866828,0.81804777741096,0.6954387017110778,0.6117269643366564,0.2426841889798464,0.2195740893862804,-2.2360946679142857,-2.192927809684916,0.4185553004083175,0.3981323830242113
148,2.0108665098466183,2.2741495750373084,0.3644606551780468,0.3300789554789502,0.3868993522285416,0.7476855246707319,-0.5513938161278908,-0.6457336160283089,0.7422967865398933,0.8076676111984163,0.6235390953383402,0.6364184095123304
149,2.845470646145157,2.8311721022782645,0.916708781414706,0.9321117009791952,0.9231327443485118,0.9912175530425874,1.644933454892071,1.635903302036146,-2.2343408529944746,-2.175140699970436,0.5812719284459228,0.6204767327157016
150,2.7998702761036043,2.735792808857032,0.5524126626850211,0.5910361787387194,0.1380893696627714,0.2332818964216712,-1.182243688966333,-1.221903467445711,-0.2456436614045754,-0.2029593384038859,-2.298348960527369,-2.397211527666504
151,1.154953280987456,1.1814397816887845,0.1521216217011727,0.1581433645623645,0.7521504676386792,0.9489907600477074,1.4886618322272025,1.5480480531040142,-1.757282263708121,-1.648008671492696,-2.0247190364584924,-2.1969257814905303
152,1.1117976536880962,1.104638571640464,0.2118446820951991,0.214512594997302,0.3405244611525724,0.1000002583763263,-2.3853818019494195,-2.33421194496457,-1.4711314470815329,-1.4636440065394352,-2.395764393413061,-2.417610571782336
153,1.7612744760043997,1.8188205486652969,0.5131967302602553,0.5071972935365756,0.3052818630550529,0.4371534115647155,-0.0293644324458758,-0.1350329027089459,1.1922567188381787,1.2299140968694071,-1.440215457339849,-1.4535306191965371
154,1.9362430264241128,2.1078332711575083,0.8879186977138517,0.8576404076115556,0.731641086157462,0.7993773381007204,-1.907207965793027,-1.8905010297078184,0.2928524052808562,0.2314042097721495,2.1194205471596064,2.248302438089452
155,2.010276576647337,2.1100747829216164,0.922961050758734,0.9193047766428988,0.7560986245785752,0.7946759381036674,0.3664286425049989,0.2513410325376428,-2.1939531776871624,-2.2569447855126827,1.4480015594675588,1.52086227665486
156,1.3656311602411162,1.35648861593425,0.341810704487884,0.3428106367382045,0.9341644414980742,0.8032241167922303,-1.2739226575238334,-1.188550736542652,0.7897954266651008,0.8466966365751301,1.12368595551538,1.1696406097175407
157,2.69629326125237,2.9999964740467795,0.5938506113767786,0.6023506801576763,0.5712228335160752,0.8054444275012769,-1.3755600782116617,-1.5228513273094189,-1.3615574167998046,-1.604670806620191,0.0243001260182768,0.0723851774788397
158,2.736838725690298,2.7187486012613693,0.96651782662163,0.9669504490598836,0.6965263582040941,0.5392067347569443,1.1454498603133378,1.1435794719001295,1.804112753113372,1.7522183843396029,-0.0186831522420916,-0.0137140174503225
159,2.4670921267429096,2.630228291817452,0.8144107511815135,0.764480936255691,0.5998344389991536,0.5630619859133988,0.550069234816567,0.5489759170857643,-1.2613399779072976,-1.29098060295287,0.1343330763696487,0.0889015146465979
160,2.8224252210672764,3.0,0.4182609504507625,0.3789074514020162,0.2603798111298547,0.3406350407714777,-2.264170499343078,-2.2708349453859134,-0.0345459713911117,-0.0234034908449814,0.4389593488044574,0.4359821578654325
161,2.482555728872872,2.786192421565529,0.1332177896100226,0.1,0.6163973433745605,0.8327340922246647,0.2410280741046272,0.2428900091520509,1.135709970577495,1.1975967134567822,0.0153408183821768,0.004945564753979
162,1.3061303809260036,1.339067052144702,0.350116253966254,0.3562035034707803,0.3643503026418292,0.5272514874772721,-2.195393403075693,-2.2945452820434147,-1.85368482355782,-1.907930755574598,-0.4480555146499299,-0.4170673407374515
163,2.4461275087782988,2.44997695664262,0.8121147775257702,0.8444896157488074,0.8518408705684756,1.0,-1.932984111943707,-2.039962149774895,-1.1404986280754936,-1.1972506249392445,0.1805833088678232,0.1827185677001992
164,2.135109870190266,2.1548143338713106,0.2927443317998702,0.289225887886838,0.1760334194035386,0.1000006033881426,1.82631855587992,1.7725489266959369,2.333546041752715,2.329861041262439,1.0083189107735762,0.9740080495758524
165,2.304155598989751,2.3382095702173493,0.8887405446539095,0.8881233827305295,0.1400860269956641,0.1,-1.9705790761112152,-1.9262235608714031,-2.2813214186023782,-2.357773220275457,0.863483727555408,0.8257854549734441
166,1.5242376559606068,1.5079722542724334,0.3037680020221175,0.3150766405084172,0.4243826744703333,0.4271005744787087,-2.2308343409134057,-2.202931303546707,0.7666068131401349,0.842766072081542,-2.473283295426127,-2.413900510698765
167,2.9231789312794056,2.9393758328695245,0.1468765318550031,0.1212235735334446,0.8139070791472532,0.8187999339087042,-1.5880563333108966,-1.544429404333219,-1.0484082925144316,-1.001397143234568,0.6454616929976825,0.626946432864387
168,2.977583127058935,2.9472837129747207,0.6512670454121674,0.6088328521442423,0.8596420150009989,0.7733173835072152,-0.1794019939001478,-0.1712690863117903,0.1450437443677016,0.2207565518637216,1.7005980889544814,1.571931680588222
169,2.129682253850616,1.947549411219028,0.9488397061800424,0.9602406155205626,0.6972078737950214,0.4380265624012373,0.0436671746379457,0.1074353694919448,-1.853704652432297,-1.635397153622571,-2.351042698430639,-2.121819031531881
170,2.5759787091568667,2.5341091392161914,0.9094475094014164,0.928520369369488,0.4774632556607596,0.3875744579013864,-1.407222845456958,-1.3330001842277546,-0.6203021570000339,-0.6760259736713663,-0.2939691978342157,-0.3033084561103536
171,2.0699389870894045,2.1653759922322955,0.559218666081933,0.5459991379655891,0.2224892769725664,0.310319275418427,2.3824819789611835,2.388168289322005,0.0968204399052674,0.0712702362648743,-0.7551832710905404,-0.8332556515293243
172,1.995710230744972,2.115604006704315,0.7741488033194843,0.7556896469883492,0.9733515737774538,1.0,2.195868905941625,2.2458727688126534,0.1570238026152531,0.1466049230989393,1.6472792574025448,1.693432941752704
173,1.0631393009147283,1.1164948216879498,0.6664623893822549,0.6604623797857119,0.4249344998972746,0.4991722589198367,-0.7883229072854336,-0.8193281547552285,-2.455255850944762,-2.4387271126279684,1.4843657805834487,1.4367637058605092
174,1.996915809224476,2.17227747128988,0.2617220239852812,0.2535831461315451,0.7189839629869254,0.867043302698475,1.0790047830392098,1.1200757161726689,1.3743020791813445,1.5531134595994494,2.2426709601153174,2.448542397555044
175,2.100004335804837,2.223783741624532,0.2106183242913785,0.210363616974982,0.2917620022340209,0.5197008795987926,1.00737072021088,1.0322937752585346,0.1317226575582741,0.209818510778019,-1.1634564466902804,-1.3293709636982527
176,1.8165321836198505,1.8230045720394763,0.2845313994257017,0.2812503039516275,0.940943690199026,1.0,-0.7421116553889878,-0.7490428021939926,0.9722098303273852,0.9835564481274072,1.794716144360421,1.695810027633253
177,1.3315558407185129,1.3397305704063929,0.6182026551585784,0.6212562319181826,0.8481646182087667,0.7160416060468165,-2.046776290388685,-2.0333417988040643,-1.6795400819166546,-1.6272687692546628,0.5802738225549281,0.5777360589909509
178,1.5006263510578115,1.5776249506257154,0.5866268539745151,0.582627588147252,0.4181614878296489,0.5856069894120407,0.0382712185822725,0.0683066053023636,0.6607107122637723,0.7371269522103008,-0.9570469861947588,-1.1099987879599196
179,2.753722330218896,3.0,0.9002280870864813,0.8023937532990115,0.4342838308364921,0.526190453114937,0.5374275426634978,0.5939466554394974,0.3765885889010345,0.3862516125679383,-0.2547355924776601,-0.1873701877561557
180,1.0915332397141229,1.167243266251936,0.3374019542011852,0.3344020201751522,0.6445559211368403,1.0,0.0414540409740205,-0.0457525816348076,-2.3242766292394963,-2.499125654915249,2.0967996833781672,2.3015391225862696
181,1.5260079920487115,1.519843617445341,0.6973043628689456,0.7006145086345215,0.2031099112526857,0.1,-0.4682888065965956,-0.5057243256187307,-2.027418794503503,-1.90066594510406,-0.7193182869410547,-0.709568682403307
182,1.4838044802831831,1.4597396321366118,0.5080025826617302,0.5190025905843623,0.3873377213082966,0.2059928955358342,-0.6097882948097222,-0.6060975122453134,0.5497408334033482,0.564585074205892,0.7978984439434073,0.8141049675604005
183,1.4578672203462666,1.5415078266917883,0.2528812023405168,0.262579585662556,0.5366596651533896,0.843492603100843,0.8346141741487401,0.847757490856381,-0.1571758187460187,-0.1574518211192035,-1.7506919463873538,-1.9013526518113208
184,1.410031021000696,1.4037583034358123,0.4864079489788993,0.4859623029480319,0.9634795462436988,1.0,1.2123956428533555,1.2496075576815835,0.7685435358027959,0.7690497660500942,-1.1176538727689107,-1.171073915691928
185,2.7203057961258352,2.858384859124302,0.6859086423017936,0.7102611520564172,0.434795295523531,0.5601856120346098,0.31365184334876,0.355124544672534,-1.431048551383884,-1.5627094893785352,-1.174523564632296,-1.2884721937279309
186,2.561008383333258,2.66249134240756,0.691440592170175,0.6937922605715352,0.2676255964048887,0.4537830181049348,2.0889317666022,2.282741632603053,-0.1739904317272639,-0.2384239225332809,-1.9766181774073184,-2.0329396561623563
187,1.819515931696295,1.8948127566399264,0.6820732159215892,0.6846709669611057,0.2099244530523002,0.4684959404879712,0.4447718541535239,0.4487963544643101,1.8532729629203992,1.967803883906494,-0.5543007775701847,-0.5773189656944052
188,1.4821350045169832,1.5101514495480872,0.6070695089694002,0.5950699678977286,0.3215231163256226,0.1000059537570381,-0.7311183648522285,-0.7055445249233041,-2.056690593040071,-2.026259009592533,1.688060265876734,1.5482039089258697
189,1.0931187441591272,1.129880677334846,0.6379689745850217,0.6395045839477158,0.5805687446622342,0.60820997128322,-1.6050357064192522,-1.4249170373833018,-1.354672792740221,-1.3512058129864966,-2.0847517321678937,-2.225719775470861
190,2.5050598151520225,2.314048872743573,0.3540168731297,0.3665799889552721,0.4991302012839314,0.269324939417378,1.5373958581197489,1.369408609000956,-0.0976384504679273,-0.0345064181544063,1.427274867170472,1.242963755568256
191,2.5361256353832946,2.437334424236922,0.1983680084824277,0.2141032783695647,0.6404568851039322,0.4924076589698278,-0.8418717477781229,-0.7458616004612906,-1.151681550920483,-0.9725120893543676,-1.0519708161102503,-1.11598878427221
192,2.441290134808624,2.4436069402078404,0.9150448460485524,0.9534135039300748,0.5270787647567812,0.5632413294232539,1.483167061338691,1.4926901739813576,-1.332747276860749,-1.341213769944226,-0.008074388033003,0.0503120925345474
193,1.1386566428440734,1.1304702054493103,0.5408965641294725,0.5388965697803861,0.5332270319769996,0.1984225005123089,-1.2087106771118927,-1.192824996849506,1.0490406662258862,1.0677891191264468,-2.4997844413037296,-2.5
194,1.57616770118804,1.5324413012874576,0.1950110951927377,0.2119684234039682,0.4786290694734428,0.1457796022481607,-0.9817937258513808,-0.925807596539695,-2.057349148946978,-1.928655130929485,-1.0732354589026494,-1.0631777523740464
195,2.344088922187743,2.318136407002344,0.9495528323307718,0.973097821815325,0.2684640752669894,0.4117095868476985,2.4168361171825934,2.5,0.7885234449577072,0.766358249041621,-2.1177138253119097,-2.140775262251375
196,1.2450037287815936,1.3523257517780674,0.3029960780910389,0.2909961953102302,0.7414241434665205,0.95778109215563,0.1199793341714505,0.0901979382402287,0.1692799937880812,0.1093210121117969,0.1313897761276122,0.1783955574836233
197,1.3411026886241606,1.2448814332341311,0.4721147999969449,0.4871155992182233,0.7535658119745274,0.3731523946792334,-1.3519650833952075,-1.3025926898142963,-0.1142860164313736,-0.0873961290116387,-0.2915665574663356,-0.1379899445879141
198,2.398957293293609,2.430939186027313,0.5414849045082282,0.5236343119040369,0.1182110639767592,0.100000314329512,1.7471870955061617,1.7572620001780033,2.1893832893944447,2.140978164664009,1.49077997721025,1.3856392686379355
199,1.2121007747890735,1.155185033694147,0.1256332407215556,0.1364280579297193,0.5854100612674833,0.1,-1.5345669021875996,-1.519837745976477,-1.924228125757161,-1.8079468158933607,-2.372637915976928,-2.1749304342953737
200,1.2637118094709543,1.2792840493940971,0.6110678304157028,0.6173755535599246,0.6223729703011023,0.6839542633994569,-0.2892929175936515,-0.2303421529179242,-2.2099089078601297,-2.2897170714349544,0.3228795393984018,0.2937579791068499
201,1.779790196894384,1.6605196006481102,0.77807675698044,0.7962946205260308,0.93994673382827,0.8392100148926451,2.0554427536337623,1.9297679312970224,1.8908545418653997,1.7031432843143108,0.0167597470756142,0.0990809204403085
202,1.1476567853172768,1.169475823987427,0.5942278930072284,0.5992278551701118,0.4898299066727591,0.7458092707355695,0.2482284022043807,0.2399433774525047,-1.5511738733518377,-1.515285749079517,-0.5905670586730277,-0.7192974941806809
203,1.5137494024504905,1.596277178720849,0.84460577854677,0.8506028816369323,0.6661981973623565,0.9312286448906923,-0.2443543969919487,-0.1381251939381397,-1.9268704477061227,-1.9487572187428135,1.0854457426421795,1.153951081947189
204,1.5795551380880513,1.4548988144386523,0.7079486285127149,0.7269486391238955,0.642044046522918,0.3214496931975449,-0.0531682192922566,0.0123953073022269,-1.1309543597070282,-1.0285194615215238,-1.7551971798073351,-1.5658210973726796
205,1.2572847953260031,1.2388094081611558,0.3601491491079368,0.3751491519340287,0.1711000637151986,0.1,0.0901455295469472,0.0791935522519936,1.8721687991132352,1.916147255188528,-2.4028960445701464,-2.5
206,2.0296435617715765,2.25228172186895,0.1490178974417652,0.143653978196388,0.250742908193978,0.6446508991898335,0.6341466069590063,0.6306679735913513,-1.6404984695875835,-1.7884317221354324,-0.1980645076139248,-0.2609971256234226
207,1.1708953936765305,1.1947050327090256,0.7365934460009539,0.7392809448321818,0.2642295130257869,0.131808953373991,-1.905503001615505,-2.0050399597615014,2.207780159019501,2.305609540667006,-1.0499955733413229,-1.096197605878459
208,2.815834989180167,2.871724013374019,0.3566490886829719,0.3759387047821315,0.5068006008821461,0.5930658537109414,1.9433990308527536,2.015398401991783,-0.9632648573932244,-1.032146294312268,-0.6177670217930464,-0.6152649011499808
209,1.0413134882672164,1.00933774629636,0.6896748745022391,0.6993356800647318,0.9816591234056,0.8106462641841359,1.8837509801085628,1.7967638564364692,-1.8894400850286857,-1.7289299290280715,0.9901021027055628,0.9003435809686043
210,2.1951152975197985,2.3678116153260222,0.7191927149414254,0.7119563913843445,0.7355507936059895,0.947047607275114,-1.0115205241641256,-1.015109842718466,1.745019395799854,1.852332269245226,0.7739056614311263,1.0377756162450265
211,1.1340592842712145,1.1262933773618995,0.451294781761954,0.4612948693386678,0.2655863913806569,0.1000011979811944,1.718808220625918,1.773944299188699,2.363666172475532,2.3857756103646466,-2.350816952142548,-2.358229514915287
212,2.455126067109883,2.6541375199582657,0.952185966898032,0.9328890313711772,0.2012301329505399,0.4446225682556809,-1.0735662070977252,-1.2218979106137655,-1.083694552060495,-1.1361495909701187,-0.6995962602099071,-0.7614739296433144
213,1.8693840161875583,1.873726831632574,0.5805541299762544,0.6045541231651151,0.9614692565128604,1.0,0.6571185493646131,0.6066656828824211,0.3390782588807728,0.3269399931514892,-1.1035485856744864,-1.318821810987734
214,1.2612130717760777,1.228196766457175,0.6439510620559115,0.6492936564200813,0.6502074683588966,0.4949112727475613,-2.263327974270464,-2.1147792689977907,1.8163446944160229,1.669270045402783,-1.909306139091021,-1.649084697220998
215,1.6982003110870216,1.7259274957832735,0.8735869605074134,0.8653155923748146,0.1558691427220714,0.1,0.9273936497066432,0.8964480441699547,-2.450904894963461,-2.31548380649704,-1.964519778984385,-2.1302477870288983
216,1.7966919346356194,1.9006549724125847,0.5307992182429998,0.5403847901574089,0.6084021868527555,0.787713569384699,-1.510392809687935,-1.660371184262896,-0.1775210411769262,-0.3040530694296104,0.5703092249247649,0.6334704719239858
217,2.281246216337128,2.133385321451808,0.6236413793510192,0.6390649422820682,0.681223493881178,0.4929221750263471,-2.0976906198740517,-1.9216753010847996,1.0124163574903982,0.9222038073328922,-0.6663978612005694,-0.5477165634188972
218,1.0663100972530055,1.1364199297550748,0.3827351345911375,0.3797534768049407,0.551403644835315,0.9999127448939408,1.1315918623757704,1.0929452039161238,0.1682093936587947,0.2558810838008015,1.63284076445383,1.628066798402442
219,2.873317709605997,3.0,0.8247794797530849,0.8361627507057636,0.8642956266153838,0.9935093642222518,0.2444483105579042,0.2213836254729729,0.9512651333804578,1.0754606736744816,2.3896540738308625,2.5
220,1.5452362430270146,1.607691358474763,0.707092845072947,0.7153992012107471,0.3931029595614578,0.6352455901947696,2.291980483510387,2.5,-1.7305388284734695,-1.8666341232228127,-0.8625942078892784,-0.8851114029325517
221,2.406518875330075,2.194563610169179,0.4075681171548522,0.4461204593990647,0.8595722471648021,0.6690784398467028,0.1645962904109643,0.0524275773988711,-2.063794977781243,-2.010145307400269,-0.0688304528071304,-0.0643801512408109
222,1.7894905258672364,1.7538207787632618,0.3957454281463864,0.4024121349279702,0.4953300721372575,0.1849846175023708,-1.0120239266577635,-0.976331160271479,1.988783846135728,1.8554011706448836,-0.1311998875336822,-0.1716090756687155
223,1.3416472982047365,1.3121150876332788,0.7117951597698161,0.7324957351730965,0.3076058305605053,0.1,-0.5208611446223926,-0.465211991526741,1.98252680418729,1.9695441061070929,0.4810549109984963,0.3868689159839261
224,2.072983225444851,2.1108823775056136,0.6819874228576691,0.6704560854498853,0.1637559295538792,0.1,-1.5779135109593925,-1.644784431116291,-1.833181495607229,-1.8083556565915897,0.5988750195589321,0.4710773040416144
225,2.681155697617447,2.8972928580345574,0.6158766907882487,0.6214201475117778,0.2704944514395875,0.5225875909471687,2.0425641461886004,2.236025361833239,-0.3551243855211006,-0.4663636939614748,2.297032357491504,2.5
226,1.118736443864467,1.2100992818376282,0.7890215584218853,0.7774852262196552,0.7864673903108292,1.0,-2.166338972352074,-2.268209014479265,1.46546207476703,1.5642004304939228,-0.2493701328813186,-0.1288940804279497
227,2.607149519144975,2.2545413517288924,0.8625936403837974,0.9320073612730144,0.8139797793948171,0.6340228524551018,-0.4666048578263154,-0.4801786801005308,0.874927750975994,0.8364093922322589,2.12585751197648,1.911828459891569
228,1.857214625292911,1.8613367206668296,0.1556022365734569,0.1672246345028205,0.5653298281851885,0.6503389636618874,0.1331620855323662,0.1042175129587193,-0.8881969403725115,-1.023212911259808,1.135255741769325,1.2531225617290138
229,2.2086516454932053,1.9998504004266728,0.5071117969260096,0.5320105314736836,0.9760615888779374,0.7346992597918615,-0.6341664243998374,-0.5972842320955474,-2.1777447066944444,-2.0088050187694404,-2.174948777015384,-1.9920080666305615
230,1.6565421527682382,1.5470571021250523,0.5729512521490203,0.5929512601039606,0.9867569056606654,0.8972403555136199,0.3880105061907407,0.3326626216555576,0.1825298120511126,0.1252354668592052,0.2553856683528871,0.213089940534169
231,1.5415397685444705,1.666928482393008,0.5775293193769738,0.5544214331773754,0.9740553881440904,1.0,-0.5539969408290335,-0.5914973628257885,1.39442536628325,1.3854087991190234,-2.328692617752581,-2.28699280247294
232,2.979455837157443,2.902580354609273,0.125983464642925,0.1706599247644818,0.4023781950240475,0.4300389227621298,2.464993161890101,2.5,0.4707588421521164,0.4058857039276391,1.400537083226161,1.5686557198688869
233,1.2406910185435518,1.3691877069644385,0.1797497394053708,0.1574111337767975,0.3272634069922737,0.8028960623186434,-1.2671230713141308,-1.4571043226573974,0.7908417732653178,0.7752235380496334,-0.509338367476263,-0.5405580437176809
234,1.9538831435159167,1.902939913904428,0.1349957398779447,0.1257670335070051,0.7236634670775565,0.4116459078924081,-1.6643963218246434,-1.5725662139815633,1.5352604281044102,1.375481553673115,2.4475109173154674,2.3030943478360224
235,1.114049312514055,1.1344254280215016,0.4206476496167692,0.4346469126348916,0.6896041674305414,1.0,0.2053999595265809,0.3788666145426871,0.526526128698519,0.56227950797864,1.3477324008434717,1.604452374768404
236,1.3876559385875251,1.541881113799617,0.2094995562789913,0.1934279019963849,0.3540055574610879,0.6780438292339573,0.7196482079889122,0.6993783528989507,-1.0417203157513066,-1.1076359660975053,1.5516415429930257,1.6566967270108808
237,2.537707477245495,2.6077809269739816,0.6491537150803888,0.639579718985583,0.9270533694908126,0.9493760545158174,-2.482602527688849,-2.5,0.1276804178026286,0.0546276867264484,0.6404182072795278,0.6039236765768957
238,1.6457068619261497,1.7274547524527255,0.2894146875613945,0.2927949090375826,0.9027464790598516,1.0,-2.3327746924219688,-2.371385837572099,1.2404711376654065,1.4510285309196391,-2.4664049237621537,-2.4698432822112477
239,1.5631132374943315,1.4500856194150205,0.2948245889965198,0.3146805269470857,0.5566211883154316,0.2529157643256765,0.2700605049862498,0.260031559989187,0.1405761198067318,0.1612298050219311,1.0025319406690336,0.8746659932248096
240,1.2440912715930903,1.385417448965951,0.8748017052902866,0.8528017412460469,0.6425702209866782,0.7945289992737475,-1.6795643247133345,-1.786234225053888,-1.3220276862849285,-1.427945012492247,-0.4471288122237921,-0.3315361247550671
241,2.6614427189230603,2.873203339511215,0.7292242648755645,0.6904732949111476,0.1329372887421546,0.2753014512306028,-0.6201785548553124,-0.6707651242500736,0.0400138389966087,0.0284915994168907,-1.0055612318478064,-0.9585670954161136
242,2.9552583823231204,3.0,0.8427481532591422,0.8279929406988406,0.5087167828197207,0.4864846949530432,-0.1650435161093588,-0.1478150885580931,1.219586477011458,1.1555727683248502,-0.3642500870917214,-0.3606198844182738
243,2.8969570945544407,2.914200448162704,0.6403541581274619,0.6320165632172913,0.1509697667640538,0.106234742635468,-1.616494005197321,-1.563745871471264,0.7918561957851877,0.8239777652282978,1.3596587250621632,1.3240415666958305
244,2.089855669671496,2.0482884772233567,0.1265903496502264,0.115290637200499,0.6636722630557609,0.5499148630809884,2.245535496837668,2.164863248878815,-0.2871867055440991,-0.2113073385416237,2.412824410029204,2.304499173229722
245,1.6853783667964295,1.7624471088562164,0.8496582470747982,0.8578062737198597,0.8409944339940609,0.9721127603965392,1.0871873225108108,1.1613547046755468,-1.4672071104788826,-1.6982840201845606,-1.691334102822245,-1.8520208265584612
246,1.867727320589821,1.93361128191843,0.1799911292040266,0.1667078993792566,0.9771759069266288,0.9948604494460054,0.2117142649535081,0.2524869351606168,-1.544028246408648,-1.5201169080051629,1.3245850182275265,1.3478546223778816
247,2.249249025814286,2.303030810079819,0.9678633990500396,0.9533351664426504,0.2463662965783898,0.1,-0.1903925912314213,-0.19914439386941,-1.3001990513248036,-1.2510118834515878,-1.9686337899101345,-1.9540964020815683
248,2.393626217404737,2.307053218959433,0.534538953011857,0.5737418432832103,0.4129905777171736,0.3719551315450315,0.5266467851002465,0.4731941913076432,0.7089724153565474,0.7575006342212158,-1.3229541423518532,-1.2123628538593358
249,1.0873921042894443,1.076750301432123,0.8564463914547789,0.8591021511892313,0.9381114212652432,0.8973338800355712,-1.3365298501674876,-1.416265408785561,-2.365704434979942,-2.5,2.084199816868129,2.1742168618111126
250,1.1481810938230004,1.1525066389725191,0.4687964663581869,0.4729247934602212,0.5926994256324273,0.4770902966415411,0.6961388473898528,0.7053783692158805,1.172413167694753,1.1423041323256913,-2.3754222295628704,-2.309972209750943
251,1.615991850333432,1.6053406849218423,0.9846955907616247,0.9846955557205208,0.5919604569836169,0.5068668132571535,0.4163483090170378,0.3896139185432141,0.7709858047549972,0.6761798680570605,1.833581767538175,1.735034424452428
252,1.1222893583651476,1.0867936307717978,0.6029842414640126,0.6098976194467569,0.937506412101259,0.7753587385700073,-0.3846860139014441,-0.3460710911090446,-2.494403300617244,-2.49589225174315,1.9389490064627162,1.81931772984797
253,1.3523322910793296,1.2725219952595783,0.17347097836899353,0.19047097994710596,0.6682041016836056,0.510018366412383,0.2505727114733619,0.3468016962993002,0.8952061877972345,0.9483381673672625,-0.6417088670139548,-0.5036202055589545
254,1.668562684573203,1.765375422092805,0.7029528754677978,0.6884313482998902,0.1242283104957113,0.49189530287652866,1.8988717137736155,1.9114594371525435,-1.4598420182531469,-1.5377850885588182,-2.049580385009148,-2.0817683214650544
255,1.9142985967918,1.9699674428955039,0.6227739002661516,0.6107737861831687,0.8271304923730096,0.7723395537987794,2.0982968887621727,2.113478506802638,-1.4469264967087314,-1.4513571632994084,0.6932363121179663,0.7762253652556002
256,2.457716930419601,2.6164305524972917,0.6814450695965465,0.6728790183944331,0.4202360809224097,0.5792227963834018,-1.9320395911727521,-1.957371954425442,0.32192416657677914,0.21409162560019507,2.1314944918117913,2.3138163584583076
257,1.2266255306176843,1.1772980038997454,0.7335088635971246,0.7375089063616987,0.48344659338179136,0.1,0.3597143463111424,0.32982243269700007,1.5291389413476386,1.4737784699090293,-1.8872149244043257,-1.6979481137766919
258,2.0604744238202137,2.134863573820881,0.749979463708411,0.7539789243556368,0.44962402363375054,0.5470997331394907,-0.007029011265781704,0.009617113535137594,0.619035844052439,0.694731392846867,-0.23676003212357521,-0.2971490451723157
259,2.9531933344303205,2.9930039499014254,0.9475574656022393,0.9791881549049304,0.6046168137041216,0.6535628657237686,-0.2154097306045638,-0.2559282420304989,-1.889928603359361,-1.863975780460343,-1.773067310920406,-1.85325426027328
260,1.584050739003723,1.6125130245939123,0.5544806712460916,0.5388859868173265,0.4296863006413476,0.2959981109558685,-1.896377744286598,-1.8097913203429352,1.4089913745841938,1.4139085851825623,-0.19773423108349342,-0.18846933765094487
261,2.07289327646944,2.134795012194193,0.8010341635315872,0.7901334417138314,0.10162058908716208,0.1,-0.9089045467768136,-0.9125576826210451,-2.4176509187600868,-2.348379933169041,-1.9788328746024098,-1.9735174202131665
262,1.422529376093493,1.4302840820112606,0.2789590369699932,0.2894592058655684,0.8796365385678738,1.0,0.43728830647501993,0.5728953953593434,-1.548415978014226,-1.7192685998756276,-0.19188421769460895,-0.24399252609491234
263,1.2704962979296155,1.2531224189945553,0.6926852344827122,0.7001025485014213,0.8234158113271375,1.0,-1.5187012957075585,-1.6025481024581705,2.3553957669804975,2.4014009921106467,-2.4687676173244277,-2.401201395222979
264,2.378959941056694,2.420011285966239,0.8041601381336496,0.8159819368111287,0.8607822199795941,0.9060242312848505,-1.3844869241966618,-1.4050349851489812,-1.7378122466982266,-1.7730255166086857,2.0402077491991175,2.179798882215045
265,2.77529344590621,2.6907806031467976,0.7699828511260924,0.7895516995399887,0.7491581530594502,0.8191133209661566,2.128225971438145,1.9474824329011182,-0.11658661712424079,-0.1259954458116205,-1.7583385896303065,-1.7552414650213428
266,1.7824359752139245,1.746061947687748,0.9607663490351701,0.9752586516225029,0.7994265651955363,0.723521453292663,-1.8618450814078302,-1.909275164175228,-1.1531063359367866,-1.1514326249624707,1.674040748349162,1.6219726098368252
267,2.040397109665807,2.107135622333587,0.3254378723805283,0.3527594951757877,0.6042761837790895,0.9081289132177407,-1.705727591959885,-2.022839899803655,-0.39432261450535355,-0.30542129759865394,-2.365798502355185,-2.5
268,2.9247373095475115,2.761267157571001,0.33658442293841073,0.3510489133623587,0.4090159366742584,0.25790862948531074,-2.093536719697692,-1.994665349179505,0.8353484281194035,0.6965088403778148,1.011997826455366,0.9146611382054963
269,2.38056072960962,2.25675482958591,0.7514863770611264,0.7736897222580346,0.24022681835062545,0.10007308988881922,-0.5758489973104414,-0.5039800757615034,-2.179345588202514,-2.1367317709462785,-1.2982294548601874,-1.269067544738633
270,2.193605728241354,2.115308882770512,0.3437542640996873,0.36080564400761034,0.4544684663906,0.1,-0.6347590628186717,-0.6551749709418294,-2.210820060848959,-2.2026264163674583,-0.5954168027057011,-0.6201239251951955
271,1.1125586496509914,1.1226568898979763,0.7459926336079599,0.744923057743024,0.21786321806119557,0.1,-2.401250645442489,-2.3127466241271124,1.7906941563066399,1.791683243708452,-0.7382764489011084,-0.9036888347413193
272,2.7253740608049437,2.9049545945170356,0.904613927172928,0.8607083561044436,0.22909945036346235,0.3778357451413278,1.8582526746641088,1.8516190294869177,1.134659203077737,1.0882862222113228,-1.7706058145984649,-1.831204524051778
273,2.773159017260411,2.4558198703625846,0.8607442580702729,0.9587446104462508,0.40120667498199314,0.1686052689686276,1.0084852197046064,0.931010385173705,-0.7989237079951272,-0.7535617431476345,-0.13326442010087702,-0.17653353362809593
274,2.73230580247711,2.880120549698561,0.383926994247635,0.39455724672958103,0.6703787585172473,0.8181383793785146,0.8692446036301554,1.0432230918970724,-2.076024595709333,-2.2971632233876567,-2.3016367173944934,-2.5
275,2.9804391659601635,2.819656046862118,0.5098385514060484,0.5623005643101818,0.28094049904023866,0.17642609709034293,0.7719018698218838,0.7075815055396215,1.3009103639907575,1.2863410876833958,2.0957711533175045,2.058917555040294
276,2.2111679838551774,2.1445533400617984,0.957661104287414,0.9655636069642373,0.9040000499973906,0.7055322817229007,-1.6406235061053902,-1.6733766188862274,1.7133626423442334,1.6673473233058533,2.199530278795496,2.1642909203533565
277,2.401153022438643,2.368080276248122,0.7925612905545937,0.7857575990453096,0.4045594580754077,0.10000007310640643,2.0795769304881535,1.884245050699378,1.899972511063025,1.8064641902335716,-1.3239595737993208,-1.343596190469205
278,1.6554063782516328,1.6290178465259872,0.40159708049715,0.40259462536605495,0.8837367141083748,0.7753427391520282,-0.7733710682067568,-0.7326191402480003,-1.360515745588215,-1.199060426192026,-2.069853252795962,-1.9895389493167368
279,1.8107124544313777,1.9105181098523873,0.3952326216986689,0.4068460964313456,0.6684244894038309,0.9599714165775997,2.1929597947044406,2.3388367930652674,1.3762990684166343,1.6117207124286805,2.0422345011290166,2.298424114525685
280,1.2433577886320148,1.3024213887955103,0.543273019247481,0.5432728440715323,0.8775940646399661,1.0,0.17624846059915544,0.2393932658999388,-0.3336896100011788,-0.3934817920101885,-0.0011268102097672372,0.020770230768278716
281,2.0748669596137614,2.071908275377778,0.19930981810380263,0.20630976787539967,0.14512956898008733,0.21493709296016394,1.375037345316712,1.4015688052447768,-0.1382533822925025,-0.16928731586876306,-1.6781124029011436,-1.6923132602196418
282,1.3789169089757949,1.2804252597767094,0.8680157883317311,0.8805874858390514,0.7067851386101595,0.23655982841486756,0.6010012591421104,0.47798015291830653,1.956680170609884,1.6866083626046249,-1.0434651994993693,-1.0545060058016005
283,1.0385693692131763,1.0843723788394617,0.9714618435399632,0.9743129051139192,0.5565617932567616,1.0,-1.3930368665699984,-1.472833750240679,-0.1334733464039367,0.021313021909312956,2.0769905176379173,2.214024766995706
284,1.1568695127541864,1.136522979899159,0.11941851674058684,0.12141847924822488,0.380038942353116,0.10007856574669588,-1.3935001710519086,-1.2584080470544765,-0.5888288278724296,-0.5789181744084575,1.2522996209567268,1.0400292853995048
285,1.4295134576479664,1.419221361589621,0.6128858015759732,0.6268858008427806,0.11153262786084622,0.1,-0.05931490846420806,-0.1071511921100127,-0.6197884702439715,-0.6306835034969328,0.5308557110470474,0.5532323094005036
286,1.293478796749615,1.4085561098575536,0.1037407937164293,0.1051103087217974,0.25479497598499246,0.7784726283986563,-1.4809050548500169,-1.6367285979176565,1.785382854391112,1.925947474110799,0.8875921582793533,0.9832881388725918
287,1.7710269744992098,1.7014342811388303,0.4192187663391965,0.4056633479970436,0.6582727631180254,0.2567728753116184,1.9451975100774965,1.7229957368959419,0.6031243335783432,0.5426770195652875,1.7541539775467148,1.5530685571475031
288,2.973159952634231,3.0,0.6474608424977912,0.6620831713579615,0.6809635119987058,0.790402777253862,-1.5591062410909724,-1.558543940037925,-0.924368001406698,-0.8899927529549712,-2.025114336290899,-2.1591850343021313
289,1.0122161052473997,1.1358668080834606,0.6660456011723577,0.6530456054353222,0.5045299490090018,0.9613939108011147,0.3816711707576098,0.12524644501176213,-1.246120533692311,-1.4102943609161969,0.8267745996077808,0.8937997302264602
290,2.946631503484896,2.8213753816862104,0.43892062896205947,0.5003077680809278,0.2406222689784326,0.30778203900852885,-1.028142164464025,-1.0964809065657573,-0.6556033259147592,-0.6034169689276743,-1.8421589468929278,-1.863335721095575
291,2.6512476866630017,2.6989587471627097,0.7718548152826883,0.7881136675043087,0.45163085974550204,0.5552546816529824,-0.8468389767064577,-0.7884817024784618,1.8071939186254822,1.9289364025754572,1.7467752053439751,1.7540103626359416
292,2.931319087493746,2.93102310569207,0.6159610089160767,0.622458308146132,0.9614689337524206,1.0,2.4627006124214432,2.4257378854592657,1.6060834217883584,1.6867832805571905,0.7847439314197691,0.8014887890436556
293,1.8127296297184163,1.833348957826205,0.6777969746338774,0.6882630817230269,0.5906502239596585,0.6764809960936533,-1.3173191661459667,-1.412001534330623,-0.8099723481196758,-0.8185529223811526,2.151856024237959,2.131361528526077
294,2.41313306689617,2.5468802239937602,0.7209306997291376,0.7364793075321241,0.751593562435068,0.9999691226794445,1.8444530950443743,2.0151627418222073,-0.7995272707180573,-0.999936878400268,1.9765193396851117,2.1803771873432485
295,1.52960914635833,1.4026102116685957,0.11380938603945784,0.14065932771244705,0.8720546258395577,0.6805972546738823,-0.560054059452213,-0.5365005478994208,-1.9281560916469387,-1.8370745298747835,1.9563952991670774,1.732727743466779
296,2.101488096236345,1.9958704203174142,0.32602683910161223,0.35652822992339794,0.5788854849505405,0.4358032080526618,-1.5088148791401856,-1.3794544822748078,-1.24192727877735,-1.250081915760108,1.3720716747276858,1.3510297282459724
297,1.1939081087629229,1.2214418874095248,0.8036124358024705,0.8081013972984624,0.34407168105885927,0.1,1.7803812127891938,1.7199932456209392,-1.932657452520354,-1.9340145759613778,1.1612006692157417,1.2291132387509331
298,2.110504094120418,2.236954084447476,0.12315651090681218,0.10463867266680851,0.5352603727707022,0.678782690972887,1.788736729738864,1.865222873241854,0.0689640320464191,0.1534744820601207,-0.8793665861719513,-0.9575026001377942
299,2.840035251964407,2.686970100532341,0.25490201273228486,0.3306173619438618,0.16425487336315217,0.10758771886082008,-0.6850547827730491,-0.6578765050503016,-0.4366614098416338,-0.4482031191290646,-0.8229810280839911,-0.7947117108820799
